"学籍番号","氏名","問題1","問題2","問題3","問題4","問題5","問題6","問題7","問題8","問題9","問題10","問題11","問題12","問題13","問題14","問題15","問題16","問題17","問題18","問題19","問題20","問題21","問題22","問題23","問題24","問題25","問題26","問題27","問題28","問題29","問題30","問題31","問題32","問題33","問題34","問題35","問題36","問題37","問題38","問題39","問題40","問題41","問題42","問題43","問題44","問題45","問題46","問題47","問題48","問題49","問題50","問題51","問題52","問題53","問題54","問題55","問題56","問題57","問題58","問題59","問題60","問題61","問題62","問題63","問題64","問題65","問題66","問題67","問題68","問題69","問題70","問題71","問題72","問題73","問題74","問題75","問題76","問題77","問題78","問題79","問題80","問題81","問題82","問題83","問題84","問題85","問題86","問題87","問題88","問題89","問題90","問題91","問題92","問題93","問題94","問題95","問題96","問題97","問題98","問題99","問題100","問題101","問題102","問題103","問題104","問題105","問題106","問題107","問題108","問題109","問題110","問題111","問題112","問題113","問題114","問題115","問題116","問題117","問題118","問題119","問題120","問題121","問題122","問題123","問題124","問題125","問題126","問題127","問題128","問題129","問題130","問題131","問題132","問題133","問題134","問題135","問題136","問題137","問題138","問題139","問題140","問題141","問題142","問題143","問題144","問題145","問題146","問題147","問題148","問題149","問題150","問題151","問題152","問題153","問題154","問題155","問題156","問題157","問題158","問題159","問題160","問題161","問題162","問題163","問題164","問題165","問題166","問題167","問題168","問題169","問題170","問題171","問題172","問題173","問題174","問題175","問題176","問題177","問題178","問題179","問題180","問題181","問題182","問題183","問題184","問題185","問題186","問題187","問題188","問題189","問題190","問題191","問題192","問題193","問題194","問題195","問題196","問題197","問題198","問題199","問題200"
"123001","学生001","3","3","5","1","3","2","4","2","5","4","4","5","3","4","4","5","5","1","3","3","5","2","2","5","5","1","5","4","2","5","1","5","1","3","3","5","5","4","2","4","4","3","4","3","1","1","3","2","1","3","2","3","4","4","4","4","4","5","1","2","4","1","4","3","3","4","4","3","5","3","2","3","3","3","5","2","2","4","5","1","2","3","4","1","1","4","5","3","5","2","1","3","3","5","5","2","2","1","3","2","2","4","4","4","3","3","2","2","1","4","2","4","3","1","4","4","1","5","5","2","3","2","5","3","2","5","5","5","1","3","3","3","4","5","2","4","3","4","3","1","2","3","5","3","5","2","5","4","3","5","4","2","3","3","2","5","1","5","4","2","3","4","1","2","5","3","3","4","2","2","4","4","3","2","3","3","3","3","1","2","2","3","3","3","3","4","3","3","4","3","1","2","4","3","4","1","2","5","2","4"
"123002","学生002","5","2","5","4","4","2","4","5","2","5","5","1","5","4","2","4","4","1","2","2","5","5","2","5","5","3","5","3","2","3","3","5","5","3","2","5","4","4","2","4","5","3","1","4","5","2","4","1","2","4","5","3","4","4","4","4","1","5","1","5","5","2","5","3","5","1","2","3","5","4","2","3","5","3","5","1","2","4","3","1","5","1","2","1","1","4","5","5","5","2","1","3","3","5","5","2","1","2","2","2","2","1","1","3","3","3","2","2","3","4","2","4","2","1","4","4","1","3","1","2","4","2","5","3","1","5","3","5","1","3","3","3","4","4","2","4","2","1","3","1","2","3","3","3","5","1","5","3","3","2","3","2","3","3","1","1","1","5","1","2","3","3","4","3","3","3","3","4","4","2","4","4","3","2","3","1","3","3","4","2","4","1","3","2","3","4","4","1","3","2","1","2","1","2","4","4","2","2","3","1"
"123003","学生003","5","5","2","4","4","2","4","2","3","4","4","5","3","4","2","5","4","1","2","3","5","2","2","5","5","4","5","3","2","3","3","5","5","3","2","5","5","4","3","3","4","4","4","3","4","3","1","5","5","3","5","3","4","1","4","4","4","5","1","3","4","1","1","3","2","3","5","3","5","2","2","3","5","3","5","5","2","4","3","1","5","4","2","3","1","4","5","5","5","2","1","3","1","5","5","2","1","1","3","2","2","4","4","3","3","3","3","2","4","3","2","4","2","1","4","4","1","5","4","2","1","2","5","4","2","5","5","5","4","3","3","3","4","1","2","4","2","4","2","1","2","3","4","3","5","1","5","3","3","2","3","2","3","3","2","5","1","5","1","2","1","3","4","3","3","3","4","4","4","2","4","4","3","3","3","3","3","3","4","2","4","4","3","4","3","4","3","4","4","2","2","3","2","3","4","1","2","5","1","1"
"123004","学生004","5","5","3","5","4","2","4","2","3","4","4","4","3","4","3","5","4","3","2","3","5","2","1","5","2","1","5","3","2","1","4","5","5","3","4","5","5","4","3","2","3","3","4","4","4","1","2","4","2","4","5","3","2","4","4","4","3","4","1","3","2","3","1","3","5","2","5","3","1","1","2","3","5","3","5","2","2","4","3","1","4","1","1","4","1","2","5","5","4","2","1","3","1","5","5","3","1","1","3","2","3","4","3","3","3","2","2","2","1","4","2","4","2","1","4","4","1","5","1","2","4","2","5","5","2","5","5","5","4","5","1","2","4","3","5","4","3","3","1","1","2","3","4","3","5","2","5","2","3","2","4","3","3","3","2","5","1","2","3","1","3","3","1","3","3","2","3","4","4","2","4","1","3","3","3","1","3","4","4","2","4","3","4","1","3","4","1","4","2","3","2","3","3","1","4","1","2","2","1","1"
"123005","学生005","5","5","5","1","4","2","4","2","3","5","3","5","3","4","5","5","5","1","5","3","5","2","4","5","2","5","5","4","2","3","1","5","5","3","4","3","5","4","3","4","2","3","4","4","1","3","1","1","5","3","5","4","2","4","4","1","4","5","3","5","1","5","1","1","2","3","2","4","5","3","2","3","5","3","5","3","4","4","3","1","4","2","4","1","2","2","4","5","5","5","1","3","4","5","5","2","1","1","4","2","5","4","3","3","3","2","1","2","3","2","2","4","2","4","4","4","1","5","4","2","3","2","5","4","2","5","3","5","4","3","3","3","3","5","4","4","3","4","2","1","2","3","3","3","5","5","3","3","2","2","3","4","3","3","2","5","5","5","4","2","3","3","4","3","5","3","4","4","4","5","4","4","3","2","3","1","3","4","4","4","4","2","1","1","2","4","3","3","2","3","2","3","2","3","4","4","2","2","5","4"
"123006","学生006","5","5","2","5","4","2","4","2","3","4","4","1","3","4","4","5","3","1","2","3","5","2","1","5","2","4","2","4","2","3","3","5","5","3","4","5","5","4","3","4","3","3","4","4","5","3","5","1","2","3","5","3","2","4","4","4","4","5","1","2","1","3","1","3","1","3","4","1","1","2","2","3","5","3","3","1","1","4","3","1","4","1","2","1","1","4","5","5","5","2","1","3","1","5","3","2","1","1","3","2","3","4","4","1","3","3","4","2","1","2","2","4","3","4","4","4","1","4","1","2","4","1","5","3","2","5","3","5","4","3","3","3","4","5","2","4","2","4","3","1","2","3","3","3","5","3","5","2","3","2","4","4","3","3","2","5","1","5","3","2","3","3","4","3","3","3","3","4","4","2","4","4","3","3","3","1","1","4","4","3","2","3","4","1","3","4","3","4","2","3","2","3","2","3","4","2","4","5","1","4"
"123007","学生007","3","3","3","5","5","2","4","2","3","5","4","2","3","4","5","4","1","5","2","3","5","4","1","5","2","4","5","3","2","5","3","5","5","3","1","4","5","4","2","5","1","3","4","4","4","1","3","2","5","4","5","3","2","4","4","4","4","4","1","5","5","3","1","3","2","4","4","2","5","2","2","1","5","3","5","2","2","5","3","1","4","4","2","4","2","3","5","5","5","2","1","3","4","5","3","3","1","1","2","2","4","4","5","3","3","2","2","2","1","4","2","3","3","1","4","4","1","5","4","2","4","2","5","3","2","5","5","3","4","3","3","3","3","5","3","4","3","4","3","1","2","3","5","3","5","2","5","3","3","4","3","4","3","3","5","5","1","5","3","2","4","3","3","3","2","3","3","1","4","2","4","4","3","2","3","3","3","3","4","2","4","3","2","2","3","2","2","2","2","3","1","2","3","3","4","1","2","5","1","4"
"123008","学生008","3","3","5","2","1","2","4","4","3","4","4","1","3","4","3","5","4","3","5","1","5","1","4","5","2","4","2","3","2","3","2","1","1","3","3","5","5","4","3","4","1","3","4","4","4","1","3","3","2","4","5","3","4","4","4","4","4","4","1","4","1","1","1","3","2","2","2","3","5","5","2","2","5","3","5","3","2","4","3","1","4","2","1","5","4","4","5","2","5","2","1","3","4","5","3","2","1","1","3","2","5","2","4","3","3","2","4","2","1","4","2","4","2","1","4","4","1","5","1","2","2","4","5","5","2","5","1","5","4","5","5","3","2","5","2","4","3","3","3","1","2","3","5","3","5","4","5","3","3","2","4","4","3","3","2","5","1","2","4","2","3","3","4","3","3","3","4","4","4","2","4","4","3","2","3","3","1","4","4","1","4","3","4","3","3","4","2","4","3","3","2","3","2","3","2","4","2","5","1","4"
"123009","学生009","3","3","5","5","4","2","4","2","2","5","4","5","3","4","4","5","3","1","1","3","5","5","1","5","2","3","5","3","2","3","4","5","5","3","4","5","5","4","3","3","3","2","4","4","1","3","3","4","1","5","5","4","2","1","4","4","4","5","1","1","1","3","1","3","2","5","4","3","5","2","2","3","5","3","5","2","2","4","3","1","1","1","2","1","4","4","5","3","5","2","1","3","4","5","3","2","1","1","2","2","4","4","4","3","3","3","5","2","2","2","2","4","3","3","4","4","1","5","4","2","4","2","5","4","3","5","1","5","4","3","3","3","4","5","5","4","2","3","3","1","2","3","4","3","5","4","5","3","3","2","4","2","3","3","2","5","1","5","4","2","1","3","4","3","3","4","5","4","4","2","4","1","3","3","3","3","3","3","1","4","4","3","3","1","3","4","3","3","2","2","2","3","2","2","4","1","2","5","2","4"
"123010","学生010","3","5","2","4","4","2","4","2","3","4","4","4","3","4","4","5","3","1","3","3","5","3","2","5","5","4","4","3","2","3","5","5","3","3","4","5","4","4","3","3","1","3","4","4","5","1","2","2","5","3","5","3","4","4","4","4","4","5","1","5","1","3","4","3","3","2","3","1","5","4","2","3","5","3","5","4","2","4","3","1","1","4","2","2","4","2","5","5","5","2","1","3","4","5","5","3","1","1","1","2","2","2","4","3","3","3","3","2","3","2","2","4","2","1","4","4","1","5","3","2","4","2","5","3","1","5","5","5","4","3","3","3","1","2","2","4","3","4","3","1","5","3","2","3","5","5","5","3","3","2","4","2","3","3","2","5","1","5","4","2","3","3","4","3","3","2","4","4","4","2","4","4","3","2","3","3","3","3","2","2","4","2","1","1","1","2","1","2","2","4","2","3","1","4","4","3","2","4","1","4"
"123011","学生011","5","5","5","4","4","2","4","2","3","4","4","5","3","4","5","5","4","3","2","4","5","2","1","5","2","1","5","4","2","3","4","5","1","3","1","1","5","4","2","5","4","2","4","4","4","5","3","5","3","3","1","3","2","4","4","4","1","5","1","5","5","3","1","3","5","3","5","3","5","3","2","3","5","3","5","1","2","4","3","1","2","4","2","1","1","2","5","5","5","5","1","3","1","5","5","2","1","1","3","2","1","4","4","3","4","3","1","2","1","2","2","4","2","1","4","4","1","5","4","2","4","2","5","3","2","5","5","5","4","3","5","3","4","3","2","4","2","3","5","1","2","3","2","2","5","3","5","3","3","5","4","4","3","3","2","5","2","5","1","2","3","3","4","3","2","2","4","4","4","2","4","4","3","2","3","3","3","4","2","2","2","3","3","1","4","4","3","4","2","3","4","1","3","3","4","1","2","5","1","4"
"123012","学生012","5","4","2","5","1","2","4","1","3","4","4","4","3","4","5","5","3","1","2","3","5","3","4","5","2","1","5","3","2","3","4","5","5","3","1","5","5","4","3","4","1","4","4","4","5","3","3","5","4","3","5","3","2","4","4","4","4","5","1","3","2","3","5","3","1","4","1","3","5","2","2","3","5","3","5","5","2","4","3","1","1","3","2","1","4","2","5","2","5","2","1","3","3","5","5","3","1","1","3","2","2","4","4","3","3","3","5","2","3","3","4","4","2","1","4","4","1","5","4","2","4","2","5","3","1","4","5","5","1","3","3","3","4","5","2","4","2","4","3","1","2","3","4","3","5","4","5","3","3","2","4","4","3","3","2","5","1","5","3","2","5","3","2","3","3","5","3","5","4","4","4","3","3","2","1","3","3","3","2","1","4","2","3","1","3","4","4","3","2","3","2","3","2","3","4","1","2","2","1","1"
"123013","学生013","5","5","2","2","4","2","4","2","3","4","4","4","3","5","5","5","4","1","2","3","5","2","4","5","2","4","5","3","2","3","2","5","5","1","4","5","5","4","3","4","3","2","4","4","4","1","1","4","1","5","5","3","4","5","4","4","4","5","1","3","2","3","1","5","5","3","5","1","5","2","2","3","5","3","5","2","2","4","3","1","4","4","2","1","1","3","5","4","5","2","1","3","3","5","5","2","1","1","3","2","2","4","4","3","3","3","2","2","4","4","2","4","2","1","4","4","1","5","1","2","3","2","5","3","2","5","3","2","4","3","3","3","4","1","2","4","2","3","3","1","5","3","2","3","5","3","5","4","3","2","4","4","3","3","2","5","1","5","1","4","5","3","4","3","5","2","3","2","4","2","4","4","3","2","1","1","1","3","2","3","4","3","4","2","4","4","2","3","3","2","1","3","2","3","3","1","2","4","1","4"
"123014","学生014","5","4","3","1","4","2","4","2","3","4","4","3","3","4","5","5","4","1","3","3","5","2","4","5","2","3","2","2","2","3","4","5","5","3","1","5","4","4","2","4","3","3","4","4","4","3","3","4","5","3","5","3","2","1","4","4","4","4","1","5","4","3","1","3","5","1","1","3","5","2","2","3","5","3","5","5","5","4","3","1","4","4","2","1","1","4","5","4","5","2","1","3","4","5","5","2","1","4","3","2","4","4","2","3","3","3","2","2","4","2","2","4","2","1","4","4","1","5","1","2","1","2","5","3","3","5","2","5","4","3","3","3","4","3","2","4","2","4","2","1","2","3","4","3","5","3","2","4","3","2","4","2","3","3","2","5","1","5","3","2","1","3","4","3","3","3","3","4","4","2","5","1","3","3","1","3","3","3","4","4","4","3","3","1","3","4","2","4","3","3","1","2","4","3","4","1","3","5","1","4"
"123015","学生015","3","3","5","4","4","2","4","2","3","5","4","5","3","4","2","5","4","1","2","3","5","2","1","5","2","4","5","3","2","3","3","5","5","3","5","5","2","4","3","4","4","3","4","4","5","1","5","4","4","1","5","3","4","4","4","4","2","5","1","5","3","3","5","3","4","1","3","3","5","2","2","3","5","3","5","1","2","4","3","1","4","5","4","1","1","4","5","5","5","2","1","3","4","5","5","2","1","1","3","2","4","4","4","3","3","3","4","2","3","2","1","4","2","3","4","4","1","5","4","2","1","2","5","5","3","5","5","5","4","3","3","3","3","3","2","4","3","4","5","1","5","3","4","3","5","3","5","3","3","2","4","4","3","3","2","5","1","5","4","2","3","3","4","3","3","3","3","4","4","2","4","4","3","3","1","3","3","1","2","3","2","2","2","1","3","3","2","4","4","4","2","3","3","2","4","1","2","2","1","4"
"123016","学生016","5","3","2","1","1","2","4","1","5","4","4","1","3","4","4","5","4","3","4","2","5","2","4","5","5","2","1","1","5","3","1","5","3","1","4","5","3","4","3","3","3","5","4","4","3","5","1","1","5","3","1","3","4","4","2","4","2","4","1","3","5","3","4","3","4","4","2","1","5","5","2","3","5","3","5","4","2","4","3","3","1","4","2","4","2","4","5","5","5","5","1","3","1","5","5","2","4","1","2","2","4","4","3","3","3","3","1","2","4","4","2","4","2","1","4","5","1","5","3","2","1","1","5","4","3","5","5","5","2","3","2","3","3","3","2","4","2","5","2","5","4","3","2","3","1","4","5","4","2","2","4","2","3","3","2","5","1","5","1","2","3","3","3","3","3","3","3","4","4","3","4","4","3","2","3","3","1","3","1","2","4","2","3","3","2","4","4","2","3","3","3","3","1","3","4","4","2","2","2","1"
"123017","学生017","5","2","5","5","4","2","4","2","3","4","4","4","3","4","4","5","3","1","1","4","5","2","4","5","2","3","5","2","5","3","3","5","5","3","4","5","5","4","3","4","4","5","4","3","4","1","5","5","2","1","5","3","4","1","4","4","1","5","1","3","3","1","5","3","4","2","5","1","5","2","2","2","5","3","4","2","2","4","3","1","4","5","2","5","1","4","5","5","5","2","1","3","5","5","5","2","1","1","3","2","2","4","4","3","3","3","1","2","1","2","2","4","3","1","5","4","1","4","1","2","2","2","5","3","1","5","5","5","4","3","3","3","3","1","2","4","3","4","2","5","2","3","4","3","5","4","5","3","3","2","4","4","3","3","2","5","1","5","4","2","3","3","4","3","3","3","3","4","4","2","4","4","3","3","1","3","3","3","2","3","4","3","3","3","3","2","3","4","4","3","3","3","3","2","4","1","2","5","1","1"
"123018","学生018","5","5","5","4","4","2","2","2","3","5","4","3","3","4","2","5","3","1","2","3","5","2","2","5","2","3","4","1","2","3","5","5","5","3","3","5","4","1","3","3","4","1","4","4","5","4","4","2","1","3","2","3","2","4","4","4","2","5","1","2","2","3","1","3","3","1","1","3","5","2","2","3","5","3","5","3","2","5","3","1","1","1","2","4","2","4","5","4","1","2","1","3","3","5","3","2","4","1","4","2","2","4","4","3","3","3","1","2","2","4","2","4","2","1","4","1","3","5","2","2","4","3","5","3","2","5","3","3","4","5","2","3","3","5","2","4","3","4","3","4","2","3","1","3","5","4","5","3","2","2","4","2","3","3","2","5","1","5","4","2","3","3","4","3","1","3","3","4","4","4","4","4","3","2","1","2","1","3","2","2","2","3","3","3","3","4","3","4","2","3","1","3","2","3","4","2","2","5","1","4"
"123019","学生019","5","2","5","1","1","2","4","2","3","4","4","5","3","4","2","5","4","5","2","3","5","5","4","5","2","3","4","3","5","3","4","5","5","3","1","5","5","4","3","5","1","3","4","4","5","1","3","4","1","4","1","3","2","5","4","4","1","5","1","3","2","3","2","3","1","2","1","3","5","2","2","3","5","3","5","5","2","4","3","1","2","2","2","2","1","4","5","5","5","2","1","3","1","5","3","3","1","1","3","2","2","4","4","3","3","3","5","2","3","2","2","4","2","4","4","4","1","5","1","5","1","2","5","5","2","5","5","5","1","3","3","3","4","5","2","4","3","3","3","1","2","3","3","3","5","3","5","2","3","2","4","4","3","3","2","5","1","5","4","3","4","3","4","3","5","3","5","4","4","2","4","4","3","3","1","3","1","3","4","3","4","3","3","3","3","4","4","4","2","1","2","3","2","1","4","1","1","3","1","1"
"123020","学生020","5","3","3","4","4","2","4","2","3","5","4","1","3","4","2","5","3","1","2","3","4","2","1","5","5","4","5","4","2","3","3","5","5","3","5","5","5","4","3","5","3","4","4","4","4","3","5","5","1","4","5","3","4","4","4","4","4","5","1","2","2","3","1","3","3","3","2","3","5","2","2","3","5","3","5","1","2","4","3","1","3","4","5","1","5","4","5","2","5","2","1","3","2","4","5","3","1","1","3","2","4","4","4","3","3","3","2","2","1","2","2","4","2","4","4","4","1","5","4","2","4","2","5","3","1","5","1","5","4","3","5","3","2","5","2","4","3","4","4","4","2","3","4","4","5","5","5","3","3","2","3","4","3","3","2","5","1","5","4","2","3","3","4","3","4","3","1","4","4","2","4","1","3","3","3","3","3","1","4","2","4","3","4","3","4","4","3","4","3","3","1","2","2","3","4","1","2","4","1","4"
"123021","学生021","5","5","5","4","4","3","4","2","4","4","4","1","5","4","4","5","5","3","2","2","3","2","4","2","5","1","4","1","3","4","5","1","5","3","1","5","4","4","4","5","3","5","4","4","1","1","3","4","1","4","5","3","2","4","4","4","4","2","1","5","4","3","1","3","2","1","2","2","5","3","2","3","5","3","4","2","2","4","4","1","4","4","2","4","1","4","5","2","5","2","1","3","1","5","5","2","1","4","3","2","3","4","4","3","3","2","5","1","1","5","2","4","2","5","4","4","2","3","1","2","1","2","5","3","2","5","5","5","4","3","1","3","3","5","2","4","2","4","3","1","2","3","3","3","5","3","5","3","3","2","4","4","3","3","2","5","1","5","3","2","1","3","4","3","1","3","3","3","4","2","4","4","3","4","3","1","3","1","1","3","4","3","3","3","3","4","3","2","3","1","1","3","3","2","3","1","2","3","1","4"
"123022","学生022","1","3","2","5","4","2","4","2","3","5","4","4","3","4","2","5","3","1","2","3","5","2","1","5","2","4","5","3","2","3","3","1","5","3","1","4","4","4","3","5","3","3","4","4","1","3","3","5","2","3","5","2","2","4","4","1","2","5","1","2","2","1","3","3","5","2","2","3","5","1","2","3","5","3","4","5","1","2","3","5","4","4","2","1","1","4","5","5","5","2","1","3","3","5","5","2","1","1","3","2","2","4","4","3","3","3","5","2","4","3","2","4","2","1","5","1","1","5","3","1","3","2","5","3","1","5","1","3","4","3","3","3","3","3","2","4","5","3","1","1","1","3","4","3","5","1","5","3","3","2","4","4","3","3","2","5","1","5","4","5","3","4","4","3","5","3","3","4","4","5","4","1","3","2","3","1","2","4","1","2","3","3","2","3","3","2","2","1","3","2","1","2","2","3","4","2","2","2","1","4"
"123023","学生023","3","2","3","5","5","2","4","4","3","4","4","2","3","4","5","5","5","1","1","5","3","2","4","2","2","1","5","2","4","3","5","5","2","3","3","5","5","4","3","1","4","5","1","4","3","3","5","4","1","4","1","3","3","2","4","4","5","5","1","3","1","3","2","3","3","2","5","3","5","5","4","3","5","4","5","2","5","4","3","1","5","4","2","1","3","4","1","5","5","2","4","3","1","4","3","3","1","3","4","2","2","4","4","3","3","2","4","2","4","4","2","1","2","5","4","5","4","4","5","2","4","1","5","4","2","4","5","2","3","3","1","3","4","2","2","4","3","3","5","1","2","3","2","3","5","1","5","3","4","2","4","4","3","3","2","5","1","5","4","1","3","3","3","1","1","3","3","4","4","2","4","1","3","4","3","1","2","2","1","1","2","3","3","1","2","4","2","3","2","3","1","2","3","3","3","1","2","4","2","4"
"123024","学生024","3","2","5","4","1","2","4","2","5","1","4","1","3","4","5","1","2","3","4","2","4","2","4","5","2","1","5","3","3","3","1","4","5","3","5","5","4","4","2","3","1","3","4","4","4","3","5","5","4","3","3","3","3","1","3","1","4","5","1","5","5","1","1","4","4","4","2","3","5","2","2","3","5","2","5","2","4","5","3","5","3","4","2","1","2","4","5","5","5","5","1","3","1","5","5","3","1","1","3","2","4","4","4","3","3","3","1","2","3","2","2","4","2","1","4","4","2","5","4","2","1","2","5","3","2","4","1","5","4","3","3","3","5","5","2","3","3","3","5","3","1","3","3","3","5","4","5","3","3","2","4","4","4","3","2","5","1","5","4","2","3","3","3","3","5","3","2","4","4","2","4","4","3","2","3","3","3","4","2","2","1","2","2","1","1","4","2","4","3","2","2","3","2","3","4","1","1","2","5","1"
"123025","学生025","5","5","2","2","3","2","4","2","3","4","4","4","3","4","5","5","4","1","1","5","5","2","2","5","2","5","4","3","2","1","4","4","4","3","4","5","4","4","2","5","3","4","4","3","4","2","3","3","5","3","5","3","2","4","5","4","4","5","1","3","2","2","2","3","2","3","4","1","5","2","2","3","5","3","5","5","2","4","3","1","3","4","2","5","4","5","5","3","5","2","1","3","5","5","5","2","1","1","3","2","4","4","4","3","3","4","3","2","4","5","2","4","3","4","4","4","1","5","4","2","1","2","5","3","4","5","5","3","4","3","3","2","2","3","2","4","2","3","3","1","2","3","3","5","5","2","5","3","3","2","4","2","3","3","2","5","1","5","1","2","4","3","4","3","3","5","3","4","4","4","4","3","3","2","3","3","3","1","4","3","4","2","1","1","3","4","2","4","3","3","1","3","3","4","4","1","2","4","5","4"
"123026","学生026","1","4","4","2","4","2","4","2","3","4","4","4","3","4","2","5","4","1","2","3","5","2","2","5","2","3","5","3","2","3","3","4","5","3","1","2","5","4","3","4","3","3","4","4","4","1","3","5","3","4","5","3","4","4","4","4","4","5","1","2","5","3","5","3","2","1","1","3","5","2","2","3","5","2","5","5","2","4","3","1","4","2","2","1","4","4","5","4","4","2","1","3","3","5","3","2","1","1","4","2","4","4","4","3","3","3","1","2","4","2","2","4","2","1","5","4","1","5","1","2","4","2","5","4","2","5","1","5","4","3","3","3","4","1","2","4","1","4","2","1","2","3","4","3","5","3","4","3","3","2","4","4","3","3","2","5","1","3","4","2","1","3","4","3","3","3","3","4","4","2","4","4","3","3","3","3","3","4","2","2","4","1","3","3","3","4","2","4","2","4","1","3","2","3","4","1","1","4","1","4"
"123027","学生027","5","2","5","5","4","2","4","2","3","4","4","5","3","4","5","1","4","1","1","3","5","2","5","5","4","2","5","3","2","3","4","5","5","3","5","5","5","4","3","5","3","3","4","4","5","1","4","5","4","4","5","3","2","1","4","4","4","4","1","4","2","3","1","3","5","3","5","3","5","2","2","3","5","3","5","1","2","4","3","1","4","2","5","1","1","2","5","5","5","2","1","3","4","5","5","2","1","1","3","2","4","4","4","3","3","4","1","2","1","2","2","4","2","4","4","4","1","5","4","2","4","3","5","3","3","5","1","5","4","3","5","3","4","5","2","4","2","4","3","5","2","3","4","3","5","3","5","3","3","2","4","4","3","3","2","5","1","5","4","2","5","3","4","3","3","3","3","4","4","2","4","4","3","2","3","3","3","1","2","2","4","4","2","3","3","4","2","3","2","1","3","3","2","2","4","1","2","5","1","4"
"123028","学生028","5","2","2","3","4","2","4","1","3","3","4","4","5","4","4","5","3","1","2","4","5","2","4","5","1","1","5","2","2","3","3","5","5","3","4","5","5","4","3","4","3","2","4","4","3","5","5","4","2","4","4","3","2","4","3","4","4","5","1","3","2","3","5","3","4","4","5","3","5","3","2","3","5","3","5","1","2","4","4","5","4","1","2","1","4","4","5","2","5","2","1","3","3","5","5","2","1","1","3","2","2","4","4","3","3","3","1","2","3","2","2","4","3","4","4","4","1","5","4","2","1","2","5","3","2","5","5","5","4","3","5","3","4","5","2","4","3","4","2","2","2","3","4","3","5","3","5","3","3","2","3","4","3","3","2","5","1","4","4","2","3","3","4","3","3","3","3","4","4","2","4","4","3","3","1","3","4","4","4","3","2","4","3","4","3","4","3","4","2","3","1","3","3","3","4","4","2","2","1","1"
"123029","学生029","3","5","5","5","4","2","4","1","3","4","4","1","3","4","2","5","3","1","2","3","5","2","4","5","5","4","5","3","2","3","3","5","5","3","4","5","5","4","3","4","3","3","3","3","1","4","5","3","5","4","5","3","4","4","4","4","1","5","1","5","3","2","1","3","1","1","1","3","5","2","2","3","5","3","5","1","2","4","3","1","3","1","2","1","1","5","5","5","5","2","1","3","3","5","3","2","1","3","3","2","4","4","4","3","3","3","2","2","4","2","2","4","3","4","4","4","1","5","5","2","4","2","5","3","2","5","5","5","4","3","3","3","4","5","2","4","3","4","3","5","2","3","2","3","5","3","5","3","3","2","4","4","3","3","2","5","1","5","4","2","1","3","4","3","3","3","3","4","4","2","4","4","3","2","3","3","3","3","2","2","4","4","4","1","3","3","1","2","3","4","1","2","4","3","4","4","2","5","1","4"
"123030","学生030","3","2","4","5","4","2","4","2","3","4","3","4","3","4","3","5","3","1","2","3","5","3","4","5","2","4","5","4","2","3","3","5","2","3","5","5","4","2","3","5","4","5","4","4","3","1","2","5","5","4","5","3","2","4","2","3","4","5","1","3","5","3","1","3","5","5","2","3","5","2","2","3","5","3","5","4","2","4","3","1","4","5","5","1","1","2","5","5","5","2","1","3","4","5","5","4","1","1","3","2","2","4","3","3","3","2","4","2","1","2","5","4","2","1","2","4","1","5","1","2","4","2","5","3","2","5","5","5","1","3","2","4","4","2","2","4","3","4","3","1","2","3","3","3","5","3","5","3","3","2","4","4","3","3","2","4","1","5","4","1","3","3","4","1","3","3","3","4","4","5","3","1","1","3","3","3","3","3","4","3","4","2","3","1","3","4","3","4","2","3","1","1","3","3","4","1","2","2","1","1"
"123031","学生031","4","2","5","5","1","2","4","2","3","4","4","4","3","4","5","5","3","1","2","2","5","3","1","5","2","5","5","3","2","3","4","1","5","3","1","3","5","4","3","5","1","3","4","4","4","3","3","5","1","3","5","3","3","4","4","1","2","5","1","3","2","1","1","3","1","5","2","3","5","2","2","3","5","3","5","1","2","4","3","1","4","4","2","1","1","4","5","2","5","2","1","3","1","5","5","3","1","1","4","2","2","4","4","3","3","4","2","2","4","4","2","4","3","3","4","4","1","5","4","2","4","2","5","1","2","5","5","5","1","3","3","3","3","5","2","4","2","4","5","1","2","3","2","5","5","5","2","2","3","2","4","2","3","4","2","5","1","5","4","2","1","3","4","3","3","3","3","4","4","2","4","1","3","1","3","3","3","4","2","2","4","2","4","3","3","4","3","4","3","4","2","3","3","2","4","1","1","3","1","1"
"123032","学生032","5","3","5","5","4","2","4","2","5","4","4","4","3","4","2","5","3","1","2","3","5","2","2","5","5","4","5","3","5","3","3","5","5","3","1","5","5","4","3","4","3","3","4","4","5","1","3","1","5","4","5","3","4","4","4","4","4","5","1","3","2","3","1","3","3","1","3","1","5","2","2","3","5","3","5","1","2","4","3","1","1","4","2","1","1","2","5","2","5","2","1","3","3","5","5","3","1","1","3","2","2","4","4","3","3","3","2","2","3","2","2","4","2","4","4","4","1","5","4","2","1","2","5","3","2","5","5","5","1","3","3","3","4","5","2","4","3","4","5","1","2","3","2","3","5","3","5","3","3","2","4","2","3","3","2","5","1","5","1","2","3","3","4","3","3","3","3","4","4","2","4","4","3","2","3","3","3","4","2","2","4","1","3","1","3","4","3","4","3","3","2","3","2","3","4","1","2","3","1","4"
"123033","学生033","5","5","5","5","4","2","4","2","5","4","4","4","3","4","4","5","3","1","2","3","5","2","2","5","2","4","5","3","2","3","4","5","5","3","1","5","5","1","3","5","1","4","4","4","5","4","2","4","1","4","5","3","4","4","2","4","4","5","1","3","1","3","1","3","3","1","1","1","5","2","2","3","5","3","5","1","2","4","3","1","4","1","2","1","1","4","5","4","5","2","1","3","4","5","3","4","1","1","3","2","5","4","3","3","3","3","4","2","1","2","2","4","2","1","4","4","1","5","4","2","1","2","5","3","2","5","5","5","3","1","3","3","5","5","3","4","3","3","3","1","2","3","4","3","5","3","5","3","3","2","3","4","3","3","2","5","1","5","3","2","3","3","4","3","2","3","3","4","4","4","4","4","3","3","3","3","3","4","1","2","4","2","3","1","3","3","2","4","3","3","2","3","2","3","4","4","2","5","1","1"
"123034","学生034","5","3","5","4","4","2","4","2","3","5","4","4","3","4","2","5","4","1","2","3","5","2","1","5","3","4","5","3","5","3","3","5","5","3","4","5","4","4","3","4","3","3","4","4","4","5","3","1","2","3","5","3","2","4","4","4","4","5","1","2","2","4","2","3","4","4","5","3","5","3","2","3","5","3","5","1","2","4","3","1","4","1","2","1","4","2","5","3","5","5","1","3","3","5","5","2","1","1","3","2","2","4","4","3","3","2","5","2","1","2","2","4","2","1","4","4","1","5","4","2","3","2","5","4","2","4","5","5","4","3","3","3","4","5","2","4","3","4","3","1","2","3","3","3","5","3","5","3","3","2","4","4","3","3","5","5","1","5","1","1","3","3","3","3","3","2","3","4","4","2","4","1","3","3","3","3","3","1","4","2","4","2","3","3","3","4","3","3","3","2","3","2","2","3","4","1","2","4","1","4"
"123035","学生035","5","3","2","3","4","2","4","2","2","4","4","2","3","4","4","5","4","1","2","3","5","2","1","5","5","5","5","2","2","4","4","5","5","3","1","5","5","4","3","5","4","3","1","4","4","3","2","1","3","4","5","3","4","4","4","4","4","4","1","3","2","3","1","3","2","4","4","1","5","2","2","3","5","3","5","1","2","1","3","1","4","4","2","2","4","1","5","4","1","2","1","3","1","5","5","3","1","1","4","2","4","2","4","3","3","3","4","2","3","2","4","4","2","1","4","1","1","5","4","2","4","2","5","3","2","5","4","5","4","3","3","3","4","5","2","4","3","4","3","5","2","3","3","2","5","5","5","3","3","2","4","4","3","3","2","5","1","5","1","3","4","3","4","3","3","3","3","2","4","2","4","4","3","2","3","3","3","1","2","2","4","2","1","1","2","4","2","1","4","4","1","2","3","2","4","1","2","3","1","1"
"123036","学生036","3","5","2","4","3","2","4","2","3","3","4","4","3","4","3","5","3","5","2","5","5","2","4","4","2","4","5","4","5","3","3","2","5","未解答","1","5","4","2","5","4","3","3","4","4","未解答","3","2","4","2","3","5","4","2","4","3","1","2","4","5","5","1","1","1","3","3","3","4","1","5","3","5","3","5","3","5","2","4","4","3","1","4","2","4","4","1","2","5","4","5","1","2","3","3","5","5","3","1","1","3","2","2","4","4","3","3","3","4","2","1","4","2","4","2","1","4","4","1","2","2","2","4","2","5","3","1","5","1","5","4","3","5","3","3","1","2","1","3","3","2","1","4","3","3","3","5","1","3","4","3","4","4","4","3","3","2","5","1","3","4","3","2","1","3","5","3","3","4","4","2","4","4","3","2","3","3","1","4","1","3","1","1","3","3","4","3","4","1","3","2","3","3","3","2","3","4","2","2","5","1","4"
"123037","学生037","5","5","2","1","3","2","4","2","3","3","4","3","3","4","4","5","3","3","2","2","5","5","4","2","2","5","5","4","2","3","2","5","5","3","3","5","4","4","3","5","3","3","4","4","3","1","4","2","1","3","5","3","2","4","4","3","4","5","1","2","2","3","1","4","2","1","3","3","5","3","2","5","5","3","5","2","2","4","3","1","4","2","4","2","1","4","5","2","5","2","1","3","4","5","5","2","1","1","3","2","4","2","4","3","3","3","4","2","1","2","2","4","2","1","4","4","1","3","4","2","1","2","5","3","3","5","1","5","4","3","3","3","3","5","2","4","3","4","3","1","2","3","5","3","5","5","5","3","3","2","3","2","3","3","2","5","1","5","3","2","3","3","4","3","3","3","3","4","4","2","4","4","2","3","1","3","3","3","4","3","2","2","3","3","3","4","2","4","3","3","3","3","2","3","4","1","2","4","1","4"
"123038","学生038","5","2","5","4","4","1","4","2","3","5","4","4","3","4","5","5","4","1","2","3","4","2","1","5","5","4","5","3","2","4","3","5","5","5","1","5","5","4","3","3","4","2","3","4","3","4","3","2","5","3","5","4","2","4","5","4","2","5","1","3","2","2","1","4","1","4","5","1","5","2","2","3","5","3","5","1","2","4","3","1","3","4","2","1","1","4","5","4","5","2","1","3","4","5","5","3","1","1","3","2","5","4","4","3","3","3","4","2","3","2","2","4","3","1","2","4","1","5","4","2","3","2","5","3","1","4","5","5","1","3","1","3","4","1","2","4","1","2","3","5","2","3","4","3","5","4","5","3","5","2","4","4","3","3","2","5","1","5","4","2","3","3","3","3","3","3","5","4","4","4","4","4","3","2","3","3","1","3","4","2","4","3","3","3","3","4","2","4","4","3","1","3","3","3","4","1","2","4","1","4"
"123039","学生039","3","5","5","5","1","2","4","2","3","3","4","5","3","4","1","5","4","1","2","3","5","3","1","4","5","5","5","2","5","3","3","5","1","3","1","5","5","4","3","5","1","3","4","4","4","3","4","5","3","4","5","3","4","4","4","2","2","5","1","4","3","4","1","4","5","2","5","3","5","2","2","5","5","3","2","5","4","1","3","1","3","4","2","1","2","4","5","2","1","5","4","3","1","5","5","4","1","1","3","2","3","4","4","3","3","4","5","2","1","2","2","4","3","5","4","3","4","5","1","2","4","3","5","3","2","5","5","5","5","1","3","3","5","5","2","4","3","3","3","1","2","3","4","3","5","1","5","3","3","2","4","4","3","3","2","4","2","5","4","1","2","3","1","3","2","3","3","4","4","2","4","1","2","3","3","4","4","3","2","4","4","3","3","3","4","3","3","4","2","2","4","2","3","3","4","1","2","3","1","4"
"123040","学生040","5","5","5","2","4","2","3","2","3","5","4","4","3","4","4","5","4","1","2","5","5","2","4","5","2","3","5","2","2","3","4","5","2","3","5","5","4","4","3","3","4","2","2","4","5","1","3","4","2","4","5","3","2","4","4","4","1","5","2","5","1","3","1","3","3","1","4","3","5","1","2","3","5","3","5","1","2","4","3","1","3","2","2","2","1","3","5","4","2","2","1","3","4","5","5","3","2","3","4","2","2","1","4","3","3","1","2","2","1","2","2","4","2","1","4","4","1","5","1","2","4","2","5","3","3","5","1","5","1","3","3","3","4","5","2","4","3","4","2","1","2","3","2","3","5","2","5","3","3","2","4","4","3","3","3","5","1","5","1","1","1","3","4","3","3","3","3","4","4","2","4","4","3","2","3","3","3","3","1","3","2","4","3","1","1","4","1","4","2","2","2","3","3","3","4","2","2","3","2","1"
"123041","学生041","5","5","5","2","4","2","4","2","3","4","4","4","3","4","3","1","3","1","2","3","5","2","4","5","2","3","5","3","2","3","1","5","5","3","1","5","5","4","3","5","4","3","3","5","4","1","2","4","5","1","5","3","4","4","4","4","3","5","5","5","1","3","5","3","1","3","5","3","5","2","2","3","5","3","5","1","2","4","3","1","4","2","4","2","1","4","5","2","5","3","1","3","3","5","3","3","1","3","3","2","4","4","4","3","3","3","1","2","1","4","2","4","3","3","4","4","1","5","4","2","3","2","5","3","1","5","1","5","4","3","3","3","4","5","2","4","3","4","3","1","2","3","3","3","5","3","5","3","3","2","4","4","3","3","2","5","1","5","3","2","1","3","4","3","3","3","3","4","4","2","3","4","1","2","3","3","3","3","2","2","4","3","3","3","3","4","3","3","4","3","4","3","2","3","4","1","2","4","1","1"
"123042","学生042","3","2","2","4","4","2","4","2","1","4","3","5","3","4","5","5","4","1","2","3","5","2","4","5","5","5","4","3","5","3","5","5","4","3","4","5","4","4","3","3","5","5","4","3","4","3","3","5","5","5","2","3","4","4","4","4","4","5","1","3","4","4","4","3","5","3","3","3","5","4","3","3","5","4","5","5","2","4","3","1","1","5","5","2","1","5","5","5","5","2","1","3","4","5","5","3","1","1","3","2","4","4","3","3","3","3","4","2","1","4","2","4","2","1","2","4","1","3","4","2","4","2","5","5","3","5","5","4","1","3","3","3","4","5","2","4","3","4","3","5","2","3","2","3","5","5","5","3","3","2","4","4","3","3","2","5","1","5","3","2","3","3","4","3","2","3","3","4","4","2","4","4","3","3","3","3","3","3","4","3","3","3","4","1","4","4","2","3","2","3","1","2","2","3","2","1","2","4","3","4"
"123043","学生043","5","5","5","4","4","2","4","1","3","4","4","1","3","4","3","5","3","1","2","3","5","5","4","5","2","1","5","3","2","3","3","5","5","3","1","5","2","4","3","5","1","3","4","4","2","3","3","5","5","4","5","3","4","4","4","4","2","4","1","3","3","3","1","3","3","5","5","3","5","2","2","3","5","4","5","2","2","4","3","5","4","4","2","4","1","2","5","4","5","2","1","3","1","5","5","2","1","1","3","2","4","4","1","3","3","2","4","2","1","2","2","4","2","1","4","4","1","5","4","2","4","2","5","3","2","5","5","5","4","1","3","3","5","5","3","4","2","4","3","5","2","3","4","3","5","3","3","3","3","2","4","2","3","3","2","5","1","5","1","2","4","3","4","3","3","3","3","4","4","2","4","4","3","2","3","3","3","3","4","2","4","1","3","1","3","4","3","4","1","3","2","3","2","3","4","1","1","5","1","1"
"123044","学生044","4","5","5","4","4","2","4","2","3","4","4","4","3","4","3","5","3","1","2","3","5","2","2","5","5","2","5","3","2","3","2","5","5","3","1","5","5","4","3","4","3","5","4","4","5","3","3","4","1","1","5","3","3","4","4","4","4","5","1","5","3","3","1","3","4","2","5","3","5","3","2","1","5","3","5","1","2","4","3","1","3","4","2","1","1","5","5","4","2","2","1","3","4","5","5","1","1","1","3","3","2","4","4","3","3","3","4","2","3","4","3","4","2","4","4","4","1","5","4","2","1","2","5","3","1","5","1","5","4","3","3","3","4","5","2","4","3","3","3","1","2","3","2","3","5","3","5","3","3","2","4","4","3","3","2","5","1","5","1","2","1","3","4","3","3","2","3","3","4","2","4","1","3","2","3","3","1","3","2","4","4","1","3","3","3","4","3","4","2","3","1","2","2","2","3","4","2","3","1","1"
"123045","学生045","5","2","5","5","4","2","4","2","3","4","4","3","3","4","5","5","4","1","2","5","5","2","4","4","2","4","5","3","2","3","5","5","2","3","1","5","5","4","3","4","3","2","1","4","4","2","3","3","3","1","5","3","4","4","4","4","1","5","1","3","1","3","5","3","5","1","5","3","5","2","2","3","5","3","5","1","2","4","3","1","3","4","2","1","4","4","5","5","5","2","1","3","3","2","5","2","1","1","3","2","2","4","4","3","3","2","5","2","1","2","2","4","2","1","4","4","1","5","2","2","4","2","5","3","3","5","5","5","1","3","3","3","4","3","2","4","2","4","3","1","2","3","4","3","5","4","5","5","3","2","4","2","3","3","2","5","1","5","3","2","3","3","1","3","3","2","3","4","4","2","4","1","3","2","1","3","1","4","2","2","4","2","1","1","3","2","2","4","4","3","1","2","3","3","4","1","2","4","1","1"
"123046","学生046","1","4","5","5","4","2","4","2","3","3","3","4","3","4","2","5","2","1","2","3","5","4","4","4","2","4","5","3","2","3","3","5","5","3","1","5","2","4","3","5","3","3","3","3","3","4","3","1","5","1","5","3","2","4","4","4","4","5","1","4","3","3","1","3","5","2","2","3","5","5","2","2","5","3","5","4","2","4","3","1","4","4","2","1","1","4","5","3","5","2","1","3","1","5","4","3","1","1","3","2","2","4","3","3","3","3","1","2","4","2","2","4","2","4","4","4","1","3","4","2","4","2","5","3","1","5","5","5","4","3","3","3","4","1","3","4","2","4","3","5","2","3","4","3","5","3","5","3","3","2","4","4","3","3","2","5","1","5","3","2","1","3","4","3","3","3","3","4","4","2","4","4","3","2","1","1","3","4","2","2","4","2","4","1","3","4","1","4","3","1","1","3","4","3","4","2","2","5","1","4"
"123047","学生047","5","5","3","5","4","2","1","2","2","4","4","1","3","4","4","5","4","1","2","5","5","5","2","5","4","4","4","4","1","3","3","5","2","3","1","3","4","4","3","4","4","2","4","4","5","2","5","1","1","3","2","4","2","1","5","4","4","5","1","4","3","1","1","3","1","1","4","3","5","2","2","3","5","3","5","2","2","4","3","1","4","4","5","1","2","4","5","2","5","2","1","3","5","2","3","3","1","1","3","4","2","4","4","3","3","4","4","2","2","2","2","3","2","4","5","4","1","5","4","4","3","2","5","3","1","5","5","5","3","3","3","3","4","5","2","4","5","3","3","3","2","3","2","3","5","4","5","3","3","2","3","4","3","5","2","5","1","2","3","2","4","3","4","3","1","2","3","4","4","2","4","4","3","2","1","3","3","2","1","3","4","4","3","1","3","4","3","2","2","4","1","2","4","3","4","1","2","5","1","4"
"123048","学生048","1","2","2","5","4","2","4","2","3","4","4","1","3","4","4","5","3","1","2","3","5","2","4","5","2","1","5","3","2","3","3","5","5","3","3","5","5","4","3","4","3","3","4","3","2","3","3","4","1","4","5","3","4","4","2","4","1","5","1","2","3","3","1","3","5","4","3","3","5","2","2","3","5","3","5","4","2","4","3","1","3","4","2","1","4","4","5","3","4","2","1","3","1","5","5","3","2","1","3","2","4","4","3","3","3","3","1","2","3","2","2","4","2","1","4","4","1","5","4","2","2","2","5","3","2","4","1","5","4","3","3","3","3","3","2","4","3","4","3","1","2","3","3","3","5","5","5","3","3","2","4","4","3","3","2","5","1","5","1","2","1","3","4","3","5","3","3","4","4","2","4","1","3","2","3","3","3","3","4","2","4","4","3","1","3","2","3","4","3","2","2","2","2","3","4","2","2","2","4","1"
"123049","学生049","5","5","2","5","4","2","4","2","3","4","4","4","3","4","5","5","3","1","2","3","1","4","2","5","2","3","5","4","2","3","2","5","5","3","1","5","5","4","3","4","4","2","4","4","4","1","2","5","5","3","5","3","2","4","4","1","4","5","1","2","3","3","1","3","5","2","2","3","5","2","2","3","5","3","5","1","2","4","2","1","4","4","2","4","2","2","5","2","5","2","1","3","1","5","5","2","1","1","3","2","4","4","4","3","3","3","1","2","3","2","2","4","2","1","4","4","1","3","4","5","1","2","5","3","3","5","1","5","4","3","3","3","2","3","2","4","2","4","3","1","2","3","3","3","5","5","5","2","3","2","4","2","3","3","2","5","1","5","1","2","4","3","4","3","5","3","3","4","4","2","4","4","3","3","4","1","3","3","4","3","3","4","4","1","3","4","2","3","2","4","4","3","2","3","4","1","2","2","1","1"
"123050","学生050","5","5","3","5","4","2","4","2","3","3","4","4","3","4","2","5","4","3","2","2","5","2","4","5","2","5","5","3","2","3","4","5","5","3","4","5","4","4","3","5","3","2","4","4","4","1","4","1","4","4","5","3","2","4","4","1","4","5","1","3","3","1","4","3","1","1","1","3","5","5","2","3","5","3","5","5","2","4","3","1","4","4","2","1","1","2","5","4","5","2","1","3","1","5","5","2","1","1","3","2","4","4","4","3","3","3","2","2","4","2","2","4","2","4","4","4","4","5","4","2","3","2","5","3","1","5","5","5","4","3","3","3","4","5","2","4","3","4","3","1","1","3","3","3","5","1","5","3","3","2","4","2","3","3","2","5","1","5","4","2","1","3","4","3","3","3","3","4","4","2","4","4","3","2","3","1","4","3","4","2","4","3","1","3","3","4","4","4","4","2","2","3","3","3","2","1","1","5","1","4"
"123051","学生051","5","5","5","5","5","2","4","1","3","4","4","4","3","4","2","5","4","1","2","3","5","2","1","5","2","4","5","3","2","3","3","5","4","3","3","5","5","4","3","5","3","3","3","5","4","5","4","5","5","4","5","3","4","4","4","4","1","5","1","5","2","2","1","3","5","5","3","1","5","2","2","3","5","3","5","1","2","4","3","1","2","2","4","1","4","4","5","4","5","2","1","3","1","5","5","3","1","1","3","2","4","1","4","3","3","3","1","2","3","2","2","4","2","1","4","4","1","5","4","2","1","2","5","3","3","5","5","5","1","3","3","3","2","3","2","4","3","3","3","5","2","3","4","3","5","3","5","3","3","2","3","2","3","3","2","5","1","5","3","1","1","3","4","3","3","2","1","2","4","2","4","4","3","3","3","1","4","1","4","2","4","3","3","3","3","2","2","3","2","4","2","3","2","3","4","1","2","2","1","1"
"123052","学生052","5","5","2","5","4","4","4","2","3","3","4","4","3","5","2","5","4","1","2","3","5","2","2","5","5","3","5","1","2","3","3","5","2","3","1","5","4","4","3","5","3","3","4","3","4","1","3","2","5","3","5","3","4","4","4","4","1","5","1","5","2","3","4","3","2","3","5","3","5","2","2","3","5","3","5","1","2","4","2","1","1","1","4","5","5","4","5","2","5","4","1","3","3","5","3","2","1","1","3","2","4","4","4","3","3","3","4","2","1","3","2","4","2","5","4","4","1","5","4","5","4","2","5","3","4","5","5","5","3","1","3","3","4","5","2","4","3","4","5","1","2","3","2","3","5","3","5","3","3","2","4","2","3","3","2","5","1","5","3","2","1","3","4","3","4","3","3","2","4","2","4","4","3","2","3","3","3","3","4","3","4","2","4","3","3","4","3","2","3","4","1","2","2","3","4","1","2","4","1","4"
"123053","学生053","1","5","5","5","4","2","4","2","3","4","4","5","3","4","4","1","3","1","2","3","5","2","1","5","2","4","4","3","2","3","1","2","5","3","1","5","5","1","3","4","3","3","4","3","4","5","1","5","1","3","5","4","2","4","5","4","4","5","1","2","1","3","1","3","2","4","3","3","5","2","2","3","5","3","5","2","2","4","3","1","4","3","2","1","2","1","5","2","5","2","1","3","4","5","5","2","1","1","3","2","2","4","4","3","4","3","5","2","4","4","2","4","2","1","4","1","1","5","3","2","1","1","5","3","3","5","5","5","4","3","3","3","3","1","2","4","3","4","2","1","1","3","2","3","5","4","5","3","2","2","4","4","3","3","2","5","1","5","4","5","5","3","4","3","3","2","3","4","4","2","4","4","3","4","3","3","3","3","1","2","4","3","3","1","3","4","4","4","3","3","1","3","3","3","4","1","2","4","1","1"
"123054","学生054","5","4","2","5","4","2","4","2","3","2","4","5","3","4","5","5","3","1","2","3","4","2","4","5","4","4","2","3","2","3","2","5","5","1","5","5","5","4","3","4","3","5","4","4","1","4","3","4","5","3","5","3","2","4","4","4","1","5","1","2","3","3","1","3","3","1","1","5","5","2","2","3","5","3","5","1","2","4","3","1","2","5","2","1","1","4","5","5","5","2","1","3","1","5","3","2","1","1","3","2","2","4","3","3","3","3","2","2","3","2","5","4","2","4","3","4","1","3","4","2","2","2","5","3","1","5","1","5","4","3","3","3","3","1","2","4","3","4","2","1","2","3","4","3","5","3","5","3","3","2","4","2","3","3","2","5","1","5","1","2","4","3","5","3","5","3","3","4","4","2","4","4","3","3","3","3","3","4","1","3","2","1","3","3","3","3","3","2","2","3","4","3","2","4","4","1","2","2","1","1"
"123055","学生055","5","2","2","5","4","2","3","4","3","4","4","4","3","4","4","5","3","5","2","3","4","2","2","5","2","4","5","3","2","3","3","5","5","1","1","5","5","4","3","4","3","4","4","3","5","3","1","4","5","1","5","3","4","5","4","1","2","5","1","5","4","5","1","2","3","1","1","3","5","2","2","3","5","3","5","3","2","1","3","1","3","4","2","1","2","4","5","5","5","5","1","3","3","2","3","3","1","1","3","2","2","4","3","3","3","1","4","2","3","2","2","4","2","1","4","4","1","3","4","2","4","1","5","3","3","5","1","2","4","3","3","3","3","5","2","4","3","4","5","1","2","3","1","3","5","1","5","3","3","2","4","4","3","3","2","5","1","5","2","2","4","3","3","1","3","2","4","4","4","2","4","1","3","3","3","1","3","3","4","2","4","2","4","2","1","4","2","3","3","3","2","3","3","1","3","1","2","4","2","1"
"123056","学生056","3","5","2","4","1","2","4","2","2","4","1","4","3","4","5","5","3","3","5","2","5","4","4","5","2","5","2","2","5","4","2","2","1","3","4","5","5","2","3","5","4","4","4","4","4","3","3","4","3","1","5","4","2","1","4","4","3","2","1","3","1","3","1","3","1","4","1","3","5","3","2","3","5","4","5","1","4","4","3","1","5","4","2","1","4","4","5","5","5","5","1","3","3","2","5","3","1","1","4","2","2","4","4","3","4","3","4","2","1","2","2","4","4","5","4","1","1","5","1","2","4","2","5","3","4","5","5","5","2","3","1","2","3","5","2","4","3","4","3","1","2","3","2","3","5","4","5","3","3","2","4","2","3","3","2","5","1","5","4","1","5","4","4","3","1","5","3","4","4","4","4","4","3","2","3","1","4","1","3","4","4","1","3","3","4","4","2","1","2","4","1","2","3","3","3","1","2","4","1","4"
"123057","学生057","5","2","3","5","4","2","4","1","3","3","4","4","3","4","3","5","5","1","2","5","5","2","1","5","5","3","5","3","5","3","3","5","5","3","1","5","5","4","2","5","3","3","3","3","5","5","5","1","2","4","5","3","4","4","4","3","4","5","1","5","2","3","5","3","4","2","4","3","5","2","2","3","5","3","5","2","2","4","3","1","1","5","5","1","1","2","5","2","5","1","1","3","2","5","3","4","1","1","3","2","2","4","4","3","3","3","4","2","1","4","2","4","4","3","4","4","1","3","5","2","3","2","5","3","1","5","1","4","4","3","3","3","4","5","4","4","3","4","3","3","2","3","5","4","5","4","5","3","3","2","4","4","2","3","3","5","1","5","1","2","3","3","3","3","2","3","1","4","4","2","4","4","3","2","3","3","3","3","2","2","1","4","2","1","3","4","2","2","2","3","1","2","2","3","2","1","2","4","1","4"
"123058","学生058","5","2","2","4","4","2","5","1","3","5","4","3","3","4","5","5","2","4","1","3","5","2","4","5","2","1","5","3","5","5","5","5","5","2","3","5","5","4","3","5","3","3","4","4","3","3","3","1","5","3","4","3","2","4","4","4","4","5","1","2","2","3","1","3","5","2","1","3","5","3","2","3","2","3","5","1","2","4","3","1","4","2","2","1","1","4","5","2","5","2","1","3","1","5","5","3","1","1","3","2","4","4","2","3","3","2","5","2","3","4","2","4","2","3","4","4","1","5","4","2","1","2","5","3","2","5","5","5","3","3","3","3","3","2","5","4","3","3","5","5","2","3","4","3","5","4","5","3","3","2","4","2","3","3","2","5","1","5","3","2","2","3","4","3","5","3","3","4","4","4","4","4","3","2","3","3","3","4","4","2","2","3","2","1","2","4","3","2","3","3","2","3","2","3","4","4","1","4","1","4"
"123059","学生059","5","4","2","5","4","2","4","2","3","3","4","1","3","4","2","5","4","1","2","3","5","2","1","4","2","4","5","3","2","3","2","5","5","3","1","5","5","4","3","5","3","5","4","4","5","4","3","1","5","4","5","3","5","4","4","4","1","5","1","5","3","3","4","3","2","2","1","1","5","2","2","3","5","3","5","1","2","4","3","1","4","1","2","1","1","2","5","5","5","2","1","3","1","5","5","2","1","1","3","2","4","4","4","3","3","3","4","2","3","2","2","4","2","3","4","4","1","5","4","2","1","1","5","3","3","4","5","5","4","3","3","3","4","1","2","4","2","4","1","1","2","3","4","3","5","3","5","3","3","2","4","4","3","3","2","2","1","5","4","2","1","3","4","3","3","3","4","4","4","2","3","4","3","2","3","3","3","4","2","2","2","2","4","1","3","3","3","4","2","2","1","3","3","3","3","2","1","2","4","1"
"123060","学生060","3","2","5","1","4","2","4","3","3","5","4","4","3","4","2","5","4","1","2","3","5","2","1","5","4","5","5","3","2","3","3","5","5","3","4","5","5","4","3","4","3","4","4","3","5","1","2","4","1","4","5","3","2","4","4","4","4","5","1","2","1","3","1","3","3","1","3","3","5","2","2","3","5","3","5","1","2","4","3","1","4","4","2","4","1","2","5","5","5","2","1","3","4","4","5","3","2","1","4","4","2","4","4","3","3","3","4","2","1","4","2","4","2","4","4","4","1","3","4","2","4","2","5","3","1","5","1","3","4","3","3","3","2","5","2","4","3","4","2","1","2","3","5","2","5","3","5","3","3","2","4","4","3","3","2","5","1","5","4","2","5","3","4","3","3","2","3","4","4","2","4","4","3","2","1","3","3","4","2","3","4","2","3","1","3","2","3","4","2","3","2","1","3","2","4","1","2","2","1","1"
"123061","学生061","5","2","5","4","4","2","4","2","3","4","4","5","3","4","4","5","3","1","2","3","5","2","2","5","2","5","5","3","2","3","2","5","5","3","5","5","5","4","3","5","3","4","4","4","4","1","4","1","5","5","5","4","2","1","4","4","4","5","1","2","1","3","1","3","5","5","5","3","5","2","2","3","3","3","5","3","2","4","3","1","1","1","2","4","4","2","5","5","5","2","1","3","1","5","3","3","1","1","3","2","4","4","2","3","3","3","4","2","4","4","2","4","2","1","4","4","1","5","4","2","4","2","5","3","2","5","5","5","4","3","3","3","3","5","2","4","3","4","3","1","2","3","3","3","5","3","5","3","3","2","3","4","3","3","2","5","1","5","4","2","2","3","4","3","5","3","3","3","4","2","3","4","3","2","3","2","1","2","2","2","4","3","3","1","3","4","3","4","4","3","3","1","2","4","4","1","2","5","1","4"
"123062","学生062","5","2","5","1","4","2","4","2","3","4","4","4","3","4","2","5","4","3","2","3","5","2","1","5","2","4","5","4","2","3","4","5","5","3","3","5","5","4","3","5","3","4","4","3","5","3","3","4","5","3","5","3","4","4","4","5","1","5","3","3","4","3","5","3","2","1","5","3","5","2","2","3","5","3","5","5","2","4","3","1","3","2","2","1","1","4","5","5","5","2","4","3","1","5","5","2","1","1","4","2","2","1","4","3","3","3","4","2","3","2","2","4","2","4","4","4","1","3","1","2","3","2","5","3","1","5","5","5","4","3","3","3","3","5","2","4","2","4","5","5","2","3","2","3","5","3","5","3","3","2","4","4","3","3","2","5","1","5","1","2","3","3","4","3","3","2","3","4","4","2","4","4","3","3","4","1","3","4","3","4","2","2","4","1","3","4","3","3","2","3","1","2","3","2","4","1","2","4","4","1"
"123063","学生063","5","5","5","4","4","2","4","2","3","4","4","4","3","4","5","5","3","5","2","5","5","2","1","5","2","4","4","1","2","3","2","5","5","3","1","5","4","4","3","4","3","2","1","4","3","3","3","4","4","3","2","3","4","4","2","4","4","4","3","5","3","3","1","3","5","2","3","3","5","3","2","3","5","3","5","5","4","4","3","1","4","1","4","4","1","2","5","2","5","2","1","3","1","5","1","3","1","1","3","2","5","2","4","3","3","3","1","2","3","4","2","4","2","1","4","4","1","5","1","2","4","2","5","5","2","5","1","5","1","3","3","3","4","1","2","4","2","5","2","1","2","3","4","3","5","2","5","3","5","2","3","4","3","3","2","5","1","5","1","2","3","3","1","3","5","2","4","4","4","2","4","1","3","2","3","4","3","3","4","3","4","4","2","3","3","3","3","4","4","4","4","4","2","3","2","1","2","4","2","4"
"123064","学生064","5","4","5","4","4","2","4","1","3","4","4","1","3","4","4","5","4","1","2","3","5","2","1","5","5","2","2","3","2","3","3","5","5","3","1","5","5","4","3","4","1","3","4","4","5","3","5","5","1","4","5","3","2","4","4","4","4","4","1","2","2","3","1","3","2","1","5","1","5","2","2","3","5","3","5","1","2","4","3","1","4","4","2","5","1","2","5","5","5","2","1","3","4","5","3","4","1","1","3","2","2","4","4","3","3","3","3","2","1","2","2","4","2","4","4","4","1","5","4","2","4","2","5","3","2","5","1","5","4","3","3","3","4","3","2","4","2","3","2","1","2","3","2","3","5","3","5","3","3","2","4","4","3","3","2","5","1","5","4","2","3","3","4","3","3","4","3","4","4","2","4","4","3","2","3","3","3","1","1","2","4","2","3","1","2","4","1","2","4","2","1","3","2","3","4","1","2","2","1","1"
"123065","学生065","5","5","2","4","1","2","4","2","3","4","4","4","3","4","4","1","4","1","2","5","5","1","3","5","2","3","5","3","2","3","4","5","5","3","4","5","5","4","2","5","5","2","4","4","1","3","2","5","2","3","5","3","2","4","4","1","2","5","1","3","2","4","1","3","3","1","2","3","5","1","2","3","5","3","5","1","4","4","3","1","4","2","2","1","4","2","5","4","5","2","1","3","1","5","3","2","1","1","3","2","2","4","4","3","4","2","5","2","1","2","2","4","2","4","4","4","2","5","4","5","2","2","5","5","1","5","5","3","4","3","1","3","4","1","2","4","5","4","1","1","2","3","5","3","5","4","5","2","3","2","4","2","3","3","2","5","1","5","1","2","4","3","4","1","3","3","3","4","4","2","4","4","3","3","4","3","3","3","2","4","4","2","2","3","3","4","4","1","4","3","1","3","3","3","4","1","2","3","1","4"
"123066","学生066","5","3","5","4","4","2","4","2","3","4","5","4","3","4","2","5","4","1","2","3","5","3","1","5","2","5","5","3","2","3","2","5","5","3","1","5","5","4","3","4","3","2","3","3","5","4","1","5","2","4","5","3","4","4","4","1","4","5","1","3","2","5","1","3","2","1","1","1","5","5","2","3","5","3","4","1","2","4","3","1","4","4","2","1","4","4","5","5","5","2","1","3","3","5","5","2","1","1","3","2","4","1","4","3","3","3","3","2","3","4","2","4","3","2","4","4","1","3","1","4","4","2","5","3","1","5","5","5","4","3","3","3","4","5","2","4","2","4","3","1","2","3","4","3","5","1","5","4","3","2","3","4","3","3","2","5","1","5","4","2","1","3","4","3","3","2","3","4","4","2","3","1","3","2","1","3","1","3","1","2","4","3","3","3","2","4","2","4","3","2","2","3","2","1","2","2","2","4","1","4"
"123067","学生067","5","2","1","4","4","2","4","2","3","3","4","4","3","4","1","5","1","3","2","3","4","2","5","5","2","4","5","1","2","5","3","2","5","3","4","5","5","4","3","5","3","4","3","4","3","3","3","4","4","3","4","4","4","1","4","4","5","5","1","3","3","3","5","3","3","1","4","2","1","3","2","3","5","2","5","1","5","1","3","1","4","3","4","1","1","2","1","2","5","2","1","3","3","5","5","3","1","1","2","2","4","1","4","3","3","1","4","2","1","4","2","4","2","3","4","5","3","5","4","2","4","2","5","3","1","2","5","5","4","3","1","3","4","5","2","4","3","3","2","1","1","2","2","3","1","5","3","3","2","3","4","4","3","3","2","5","2","5","4","1","3","3","3","1","3","3","3","4","4","2","4","1","3","4","3","1","3","3","2","2","1","4","2","3","1","4","3","4","4","3","2","3","4","3","4","1","2","5","1","4"
"123068","学生068","5","5","5","5","4","2","4","2","2","4","4","1","3","4","3","5","3","1","2","3","5","5","1","5","2","5","5","3","2","3","1","5","5","3","1","5","5","4","5","4","3","4","3","4","1","3","3","4","5","4","5","3","4","4","4","3","4","5","1","2","1","3","1","3","3","5","3","3","5","2","2","3","5","3","5","1","2","4","3","1","1","2","2","4","1","4","5","5","5","2","1","3","3","5","5","2","1","1","3","2","4","4","4","3","3","3","5","2","1","1","2","4","2","1","5","4","1","3","4","2","4","1","5","1","2","5","5","5","4","3","3","3","4","1","2","4","2","3","3","5","2","3","4","3","5","3","5","3","3","2","4","4","3","3","2","5","1","5","3","2","4","3","4","3","5","3","3","4","4","2","4","4","3","3","3","3","3","3","1","2","4","4","3","1","3","4","3","4","2","1","3","3","2","3","2","1","2","3","1","4"
"123069","学生069","4","5","3","5","4","2","3","1","2","4","1","3","3","4","3","5","3","5","1","1","5","3","4","5","5","3","4","3","3","2","2","5","2","3","3","5","4","2","4","5","3","5","3","4","4","3","2","1","5","3","5","3","4","1","5","4","4","4","1","2","1","1","4","2","4","2","3","3","5","2","2","3","5","3","4","3","4","4","2","1","4","4","1","1","2","2","5","2","1","2","1","3","3","2","5","2","1","1","3","2","4","1","3","3","3","3","4","2","1","2","2","4","2","1","4","4","5","5","4","1","1","4","1","3","1","5","5","5","2","5","3","3","5","3","2","4","3","4","5","3","1","3","2","3","5","4","5","3","5","5","2","4","3","3","2","5","1","5","5","2","3","2","4","3","2","3","3","4","4","2","4","1","3","2","3","3","3","3","4","2","1","1","3","3","3","4","2","4","2","3","1","2","3","1","4","2","1","2","1","4"
"123070","学生070","5","5","1","5","4","2","5","4","3","5","4","3","3","4","3","5","3","3","2","2","5","2","1","5","5","2","5","4","2","3","3","5","5","3","1","5","5","4","3","4","1","3","4","4","4","3","2","5","3","4","5","3","4","4","5","4","2","5","1","3","1","1","1","3","2","4","4","3","5","2","2","3","5","3","5","1","2","4","3","1","4","4","2","2","4","2","5","4","5","5","1","2","1","5","5","3","1","3","2","2","4","1","4","3","3","4","4","2","2","2","2","4","2","1","4","4","1","5","3","2","4","2","5","3","2","5","5","5","3","3","2","3","3","5","2","4","3","4","2","1","2","3","2","3","5","4","4","3","3","2","4","4","3","3","2","5","2","5","1","2","1","4","4","3","1","4","3","3","4","2","4","1","3","4","1","1","3","3","4","3","4","4","3","1","3","4","3","2","2","3","1","2","2","2","4","1","2","4","1","4"
"123071","学生071","5","5","5","4","4","4","2","2","3","5","4","4","3","4","5","5","4","1","2","3","5","2","1","5","2","4","5","4","2","3","4","5","5","3","3","5","5","4","3","4","3","3","3","4","3","4","3","4","1","3","5","3","4","1","4","4","5","5","1","2","1","3","1","3","5","1","2","1","5","2","2","3","5","3","5","2","2","4","3","1","4","2","2","2","1","2","5","5","5","3","1","3","3","5","5","4","1","1","3","2","2","4","4","3","3","3","4","2","3","3","2","4","2","3","4","4","1","5","4","2","3","2","5","3","2","5","5","5","4","3","3","3","4","5","2","4","3","4","5","1","2","3","4","3","5","1","3","3","3","2","4","2","3","3","2","5","1","5","4","2","4","3","4","3","3","3","3","4","4","2","4","4","3","2","3","3","3","4","2","2","4","1","3","3","3","3","3","2","4","3","2","3","2","2","4","1","2","5","1","1"
"123072","学生072","3","2","2","4","4","2","4","2","3","4","4","4","3","4","3","5","4","1","2","3","5","2","4","5","2","5","5","3","5","3","3","1","5","3","1","5","5","4","3","4","1","3","4","4","4","3","3","1","2","4","4","2","2","4","4","4","1","5","1","5","2","3","4","3","3","1","1","3","5","2","2","3","5","2","5","1","2","4","3","4","4","1","2","1","4","5","5","4","5","2","1","3","4","5","5","2","2","1","4","2","4","4","4","5","3","3","2","2","3","2","2","4","2","1","4","4","1","5","4","2","1","2","5","3","1","5","5","5","4","3","3","3","3","1","2","4","3","4","3","5","2","3","4","3","5","4","5","2","3","3","4","4","3","3","2","3","3","2","4","2","3","3","4","3","3","3","4","4","4","2","4","1","3","3","3","4","4","3","1","4","4","3","3","1","3","2","2","3","2","3","2","3","3","3","4","1","2","5","1","4"
"123073","学生073","5","5","3","5","3","2","4","2","3","4","1","3","3","4","5","5","3","5","2","4","5","3","2","3","2","5","4","4","4","未解答","3","4","3","3","4","1","1","4","3","5","4","3","4","5","3","3","1","1","2","4","3","4","4","4","5","2","4","4","1","3","3","1","3","4","1","3","2","1","5","3","3","3","5","3","5","5","1","4","2","1","2","4","3","4","1","2","3","5","5","2","1","2","1","5","3","3","1","1","3","4","4","1","1","3","3","3","1","2","2","4","5","4","3","1","4","4","1","4","1","2","4","2","5","3","2","5","4","3","4","3","3","3","5","1","2","4","2","4","未解答","3","1","2","4","3","3","5","1","4","3","2","4","4","3","3","2","5","5","4","2","4","4","3","未解答","5","3","3","3","3","4","4","2","4","4","3","3","3","3","3","4","4","4","2","4","1","3","4","2","4","2","2","2","2","3","2","4","4","2","2","1","4"
"123074","学生074","3","5","1","5","4","2","3","2","3","4","4","4","3","4","3","5","4","1","2","4","5","2","4","5","2","3","5","3","2","1","3","5","5","3","4","5","2","4","3","4","5","3","4","3","3","1","4","2","3","4","5","3","2","5","4","4","1","4","1","5","2","4","5","3","2","2","1","3","5","2","2","3","5","3","5","2","2","4","3","1","4","3","2","1","5","4","5","3","5","5","1","3","2","5","3","3","1","1","3","2","2","4","2","3","3","3","1","2","1","4","2","4","2","1","4","4","1","5","4","2","4","2","5","3","1","5","5","5","1","3","3","3","4","5","5","4","1","1","3","1","2","3","3","3","5","5","5","5","3","2","4","2","3","3","2","5","1","5","4","2","3","3","5","3","5","3","3","4","4","2","4","4","3","4","3","3","3","3","4","3","4","4","3","2","1","3","2","3","3","3","2","3","3","3","4","1","2","2","1","1"
"123075","学生075","5","4","5","5","4","2","4","2","3","4","4","4","3","4","4","1","3","1","3","3","5","2","1","5","5","1","5","4","2","3","3","5","5","3","5","5","4","4","2","5","4","3","4","4","4","3","3","4","1","4","5","3","1","4","2","4","1","5","1","5","5","3","1","3","5","1","5","3","5","4","2","3","5","3","5","2","2","4","3","1","4","4","2","1","4","2","5","4","5","3","1","3","3","5","3","2","1","1","3","2","2","4","3","3","3","3","2","2","1","2","2","4","3","1","4","4","1","2","4","2","4","2","5","3","1","5","5","5","3","2","3","3","5","1","2","4","3","4","2","3","2","3","4","5","5","3","5","3","3","5","4","2","3","3","2","5","1","5","4","4","3","3","2","3","3","5","3","4","4","2","4","4","3","2","1","3","3","3","2","2","2","1","3","1","3","4","3","3","3","2","4","2","4","2","4","1","1","3","1","4"
"123076","学生076","5","5","5","4","3","2","4","2","3","5","3","4","3","4","5","5","4","2","2","3","5","2","1","5","2","4","5","3","2","3","2","5","5","3","4","5","5","4","3","5","4","3","3","3","4","3","2","1","1","4","5","3","4","4","4","4","4","4","1","3","3","3","4","3","4","3","2","1","5","2","2","3","5","3","5","1","2","4","3","1","4","4","2","1","1","4","5","5","5","2","1","3","2","5","5","3","1","1","2","3","2","4","2","3","3","2","5","2","2","2","2","4","2","1","4","4","1","3","4","2","1","2","5","3","2","5","5","5","4","3","3","3","4","5","2","4","2","4","3","1","2","3","3","3","5","5","5","3","3","2","4","4","3","3","2","5","1","5","4","2","3","3","4","3","5","3","3","4","4","2","4","1","3","3","1","3","3","3","3","3","4","3","3","1","3","4","1","4","4","1","1","3","1","2","4","1","2","2","1","1"
"123077","学生077","5","5","3","2","4","2","4","4","3","4","3","3","3","4","5","5","4","1","2","3","5","2","4","5","5","1","5","3","2","5","3","4","5","3","4","5","5","4","3","3","4","3","4","5","4","1","4","1","3","3","5","4","2","4","4","4","4","5","5","3","2","1","5","3","1","5","4","3","5","2","3","3","3","3","5","2","2","4","3","1","4","4","1","1","4","2","5","2","5","2","1","3","3","5","5","2","1","1","3","2","5","4","2","3","3","3","2","2","4","5","2","4","2","4","4","4","1","5","1","2","3","2","2","3","2","5","3","5","3","3","3","3","5","5","2","4","3","4","3","5","2","3","4","3","5","3","5","3","3","2","3","4","3","3","4","5","1","5","4","1","3","3","4","3","5","3","4","4","4","2","4","1","3","1","3","3","3","3","4","2","4","4","3","1","3","4","1","4","3","2","2","3","3","3","4","4","2","4","1","4"
"123078","学生078","3","5","5","2","4","2","4","2","3","4","4","4","3","4","3","5","2","3","2","3","5","5","1","5","5","3","5","3","2","3","3","5","5","3","1","5","4","4","2","3","4","3","4","3","1","5","3","1","4","4","5","3","2","4","4","3","2","5","1","2","2","3","1","1","5","4","4","3","5","2","2","3","5","3","5","2","2","4","3","1","4","2","2","1","4","2","5","5","1","2","1","3","4","5","3","3","1","1","3","2","4","4","4","3","4","3","2","2","3","4","2","4","3","3","4","4","1","5","3","2","1","3","5","3","2","5","5","5","4","3","3","3","2","1","2","4","3","3","5","1","2","3","2","3","5","2","2","3","5","2","4","4","3","3","2","5","1","5","5","2","4","3","4","3","1","3","3","2","4","2","4","4","3","2","1","3","3","4","3","4","2","4","1","3","2","4","3","4","4","4","2","2","3","3","4","1","2","4","1","1"
"123079","学生079","1","2","5","2","2","2","2","1","3","4","1","4","3","4","5","5","3","1","2","3","5","2","4","2","5","1","5","1","2","3","3","5","5","3","1","5","5","4","3","4","4","3","3","3","4","1","5","1","5","4","1","3","2","4","4","4","1","5","1","3","2","1","1","3","2","4","4","3","5","2","2","3","5","3","5","1","2","4","3","1","4","4","2","1","1","3","5","4","5","2","1","3","4","5","5","2","未解答","5","1","3","2","4","4","3","3","3","4","2","1","2","2","4","4","1","4","4","1","5","4","2","4","2","5","3","1","5","5","4","1","3","3","3","4","1","4","3","2","3","5","1","2","3","2","1","5","4","5","3","3","2","4","2","3","3","2","5","1","5","3","5","4","3","4","3","3","5","3","4","5","5","4","4","3","2","1","3","3","4","4","2","2","4","3","1","3","4","2","3","2","4","2","3","4","1","4","4","2","2","2","1"
"123080","学生080","5","4","5","2","5","1","4","2","3","4","4","4","3","4","5","5","4","1","2","3","5","2","2","5","2","3","5","4","2","3","1","5","5","3","1","5","5","4","3","4","3","4","3","4","5","1","3","4","5","4","5","3","2","4","4","4","3","5","1","3","2","3","4","3","3","2","3","3","5","2","2","3","5","3","5","5","2","4","3","1","1","4","2","1","4","5","5","4","5","2","1","3","5","5","3","2","1","1","3","2","4","2","4","3","3","3","2","2","3","2","5","4","2","1","4","4","1","5","5","2","1","2","5","3","2","5","1","5","4","3","3","3","4","3","2","4","2","4","3","5","2","3","4","3","5","3","5","5","3","2","4","4","3","3","2","5","1","5","4","2","2","3","4","3","3","2","3","4","4","2","4","4","3","2","3","3","1","3","2","2","4","4","3","1","3","4","3","4","3","4","2","3","3","3","4","1","2","2","1","1"
"123081","学生081","4","5","2","4","4","2","4","2","3","2","3","5","3","4","3","5","3","3","2","5","5","2","2","5","5","3","4","3","4","3","1","1","4","3","1","4","5","4","3","5","3","3","3","3","4","3","5","4","2","5","1","3","2","4","2","4","2","5","1","2","3","3","5","3","3","2","5","3","5","4","2","5","5","3","5","3","2","4","3","1","4","4","2","1","5","2","5","4","5","2","4","3","2","1","3","3","1","1","3","2","2","4","4","3","3","3","1","2","4","4","2","4","3","1","5","4","1","5","5","2","4","2","5","3","3","5","2","5","3","3","1","3","2","5","2","4","3","4","5","1","2","3","4","3","5","1","5","3","5","2","3","4","3","3","2","5","1","5","4","5","1","3","2","3","2","3","3","4","3","3","3","1","3","3","3","1","3","1","4","2","4","3","4","3","3","4","2","3","2","3","1","2","2","4","3","1","2","5","1","1"
"123082","学生082","5","2","3","4","4","2","4","1","3","3","4","5","3","4","4","5","3","1","2","3","5","2","1","5","2","5","5","4","2","3","4","5","5","3","1","5","5","4","3","4","1","3","4","3","5","3","2","4","1","3","5","3","4","4","2","4","4","5","2","2","2","2","5","3","3","5","5","4","5","2","2","3","5","3","5","1","2","4","3","1","4","4","2","1","1","4","5","4","4","2","1","3","4","5","5","2","1","1","3","2","2","4","4","3","3","4","1","2","1","4","2","4","3","1","4","4","1","5","2","2","4","2","5","4","2","5","5","5","1","3","3","3","4","3","2","4","3","3","2","3","2","3","4","3","5","5","5","2","3","2","3","4","3","3","2","5","1","5","1","2","3","3","4","3","5","3","3","4","4","2","4","4","3","3","1","3","3","4","1","2","4","4","3","3","3","4","2","4","4","4","2","3","2","3","4","1","2","4","1","4"
"123083","学生083","5","5","5","4","4","2","4","2","3","5","4","4","3","4","2","5","3","3","1","5","5","2","1","5","4","4","5","3","2","3","4","5","5","3","5","5","3","4","3","4","1","5","1","3","5","3","4","1","1","3","5","3","2","4","4","4","4","2","1","3","3","3","1","3","1","5","1","3","5","2","2","3","5","3","5","2","2","1","2","1","1","4","1","1","4","5","5","2","5","2","1","3","1","5","3","2","1","1","3","2","2","4","4","3","3","3","5","2","2","3","2","4","2","1","4","4","1","5","4","2","4","2","5","3","2","5","5","5","4","3","3","3","4","5","2","4","3","3","5","4","2","3","3","3","5","2","5","3","4","2","4","4","3","3","2","5","1","5","4","2","1","4","4","3","3","2","3","4","4","4","4","4","3","1","1","1","3","1","2","3","4","1","3","1","3","4","3","2","4","3","2","3","3","3","4","1","1","3","1","4"
"123084","学生084","5","5","5","5","4","2","4","2","3","4","4","2","3","4","2","5","4","1","2","4","5","2","1","5","2","2","4","3","5","3","2","5","5","3","4","5","5","4","3","4","1","3","4","4","4","5","3","1","1","3","5","3","2","4","4","4","2","5","1","3","1","3","1","4","3","1","5","3","5","2","2","3","5","3","5","3","2","4","3","1","4","1","2","1","1","4","5","5","5","2","1","3","4","5","5","3","1","1","3","2","3","4","3","3","3","3","4","2","1","2","5","4","2","1","4","4","1","3","4","2","1","2","5","3","3","5","5","5","4","3","3","3","3","5","2","4","3","4","3","1","2","3","2","3","5","3","5","2","3","2","4","4","3","3","2","5","1","5","4","2","1","3","4","3","3","3","3","4","4","2","4","4","3","3","3","3","3","1","4","2","4","2","3","3","3","4","3","4","2","3","1","3","2","3","4","2","3","5","1","1"
"123085","学生085","5","5","5","2","3","2","4","2","3","4","4","4","3","4","4","5","4","1","2","3","5","3","2","5","2","4","5","3","2","3","3","5","5","3","5","2","5","4","2","5","3","3","3","5","1","4","3","1","5","1","5","3","2","4","4","2","5","5","1","3","4","3","1","3","5","1","2","3","5","2","2","3","5","3","5","1","2","1","3","1","4","4","2","2","5","3","5","3","5","2","1","3","3","5","5","4","1","3","3","2","2","4","4","4","3","3","1","2","1","4","2","4","4","1","4","1","1","4","4","4","4","3","5","3","4","5","5","5","3","3","3","3","4","1","2","4","1","4","3","1","2","3","4","3","5","1","5","3","3","2","4","4","3","3","2","5","1","5","4","2","5","3","1","3","3","3","3","4","4","2","4","1","3","2","1","3","1","4","1","2","4","3","3","2","3","3","3","3","2","3","2","3","3","3","4","2","2","4","1","4"
"123086","学生086","3","5","5","4","4","2","4","2","5","4","4","1","3","4","3","5","3","5","2","3","5","5","1","5","5","3","5","3","5","3","2","5","5","3","3","3","2","4","3","5","1","4","4","4","1","2","3","4","5","3","5","3","2","4","3","3","1","5","1","2","2","4","1","4","3","2","2","1","5","2","2","3","5","3","5","1","2","4","2","1","3","4","4","4","1","4","5","5","5","2","1","3","4","4","3","2","1","1","3","2","2","1","4","3","3","3","5","2","5","4","2","4","3","4","4","4","2","3","1","2","3","2","5","3","2","5","5","5","4","3","3","3","4","1","2","4","3","4","5","1","2","2","2","3","5","4","5","3","3","2","2","2","3","3","4","5","1","5","3","2","5","3","1","3","2","3","3","4","4","2","4","4","3","3","3","3","3","3","4","2","4","3","4","1","3","4","1","4","2","4","3","3","3","3","3","1","2","3","1","4"
"123087","学生087","5","5","4","1","4","2","4","2","3","4","4","4","3","4","2","5","3","1","2","3","5","2","2","5","2","5","5","3","2","3","3","5","5","3","5","5","5","4","3","5","3","3","4","4","3","3","3","4","1","4","5","3","2","4","4","1","4","5","1","5","1","3","1","3","4","2","5","3","5","2","2","3","5","3","5","5","2","4","3","1","4","5","2","1","4","4","5","2","5","2","1","3","2","5","5","4","1","1","3","2","2","4","4","3","3","3","2","2","2","3","2","4","2","1","4","4","1","5","4","2","4","2","5","3","3","5","5","5","4","3","3","3","4","3","2","4","3","4","3","5","2","3","4","3","5","3","5","3","3","2","4","4","3","3","2","5","1","2","1","2","3","3","4","3","3","3","3","4","4","2","4","4","3","2","1","3","3","3","2","2","4","4","3","1","3","4","3","4","2","2","2","2","2","3","4","1","2","4","1","1"
"123088","学生088","5","5","5","5","4","2","4","2","5","3","3","5","3","4","5","5","1","1","2","3","5","2","2","5","2","5","5","3","2","3","4","5","5","3","3","5","2","4","3","4","1","5","4","3","4","1","5","4","1","1","5","3","4","5","2","1","4","5","1","5","2","3","1","4","2","5","5","1","5","2","2","3","5","3","5","2","2","4","5","1","4","1","4","2","1","4","5","4","5","5","1","3","3","5","5","3","1","1","3","2","4","4","3","3","3","4","1","2","2","4","2","4","3","3","4","4","1","5","4","2","4","2","5","4","1","5","5","5","4","3","3","3","4","2","2","4","2","4","2","1","2","3","2","3","5","5","5","3","3","2","4","4","3","3","2","5","1","5","3","2","4","4","5","3","5","5","3","4","4","2","4","4","3","4","1","3","1","3","4","4","4","3","3","3","3","2","2","4","3","3","2","3","3","3","2","1","2","2","1","4"
"123089","学生089","5","5","5","4","2","2","4","2","3","3","4","1","3","4","4","5","3","2","2","3","5","2","1","5","2","4","1","4","2","3","3","5","5","3","5","5","5","4","3","5","4","4","4","4","4","3","3","4","1","3","5","3","2","4","4","4","4","5","1","3","1","3","1","3","5","1","4","3","5","2","2","3","5","3","5","1","2","4","3","1","1","5","4","1","4","4","5","4","5","2","1","3","3","5","5","2","1","1","3","2","4","4","4","3","4","3","3","2","1","5","2","4","2","4","4","4","1","5","3","2","3","2","5","1","1","5","5","2","4","3","3","3","4","2","2","4","3","4","5","1","2","3","2","3","5","1","5","5","1","2","4","4","3","3","2","5","2","5","4","2","3","3","4","3","3","3","3","4","4","2","4","4","3","2","3","3","3","3","2","4","2","1","3","1","3","4","3","2","2","4","3","4","3","3","4","1","3","3","1","4"
"123090","学生090","4","5","5","3","4","2","4","2","3","3","4","4","3","4","1","5","5","1","2","2","5","3","2","5","2","3","4","3","2","3","5","2","4","3","1","5","4","4","3","1","3","5","4","4","4","3","3","2","2","2","5","4","1","4","5","1","4","5","1","4","1","5","4","3","2","2","5","3","3","4","2","3","5","3","5","2","2","1","3","1","4","5","2","2","1","4","5","2","5","2","1","3","3","5","5","4","1","1","4","2","4","4","4","3","3","3","1","2","4","3","2","4","3","3","4","4","1","5","1","2","3","1","5","3","2","5","5","5","2","5","1","3","4","5","2","4","5","3","2","1","2","3","2","1","5","4","5","5","3","2","4","2","3","3","2","5","5","5","4","2","1","3","3","3","4","3","3","4","4","5","4","4","3","2","1","3","3","3","2","2","4","3","3","2","3","4","4","4","3","3","1","2","4","3","4","1","2","3","2","4"
"123091","学生091","5","3","5","4","4","2","4","2","3","4","4","1","3","4","1","5","4","3","2","5","3","5","2","2","5","4","5","2","2","1","2","4","2","3","1","2","5","4","5","3","3","3","5","5","4","3","5","3","5","3","5","3","2","5","4","4","2","4","2","3","4","3","1","3","2","4","4","2","5","2","2","3","5","4","4","5","2","4","3","1","4","4","1","1","1","3","5","3","5","2","1","3","3","5","3","3","1","1","3","3","3","4","4","3","3","3","1","2","1","5","2","4","2","1","4","4","1","5","5","2","4","2","5","4","2","4","5","3","3","3","3","3","4","3","2","4","3","4","5","1","2","3","2","3","5","5","5","3","3","2","3","2","3","3","2","5","1","5","1","2","3","3","4","3","5","3","4","5","4","2","4","4","3","2","3","3","3","1","4","2","2","4","2","3","4","4","2","4","2","3","2","3","3","3","4","2","1","3","2","4"
"123092","学生092","3","3","5","5","4","1","4","2","3","5","4","4","3","4","5","5","3","3","2","3","4","2","2","5","2","3","5","1","2","3","4","5","5","3","1","5","5","4","3","5","3","5","4","4","5","3","2","5","1","3","2","4","4","1","2","3","4","5","1","2","1","1","1","3","5","2","3","3","5","3","2","3","5","3","5","1","2","4","3","1","4","4","2","1","2","4","5","3","5","2","1","3","1","5","3","2","1","1","3","2","3","4","4","3","4","3","1","2","1","2","2","4","3","1","4","4","1","5","1","2","4","2","5","3","2","5","5","5","4","1","3","3","3","1","2","4","3","4","2","1","2","3","3","3","5","2","5","3","3","2","4","2","3","3","2","5","1","5","4","2","3","3","4","3","3","3","3","4","4","2","4","4","3","3","3","3","3","3","2","2","2","4","3","1","2","4","3","4","4","3","1","2","2","3","4","1","2","5","1","4"
"123093","学生093","5","2","5","5","4","2","4","2","3","4","4","4","3","4","2","5","4","1","2","3","5","2","4","5","5","3","5","3","5","3","3","5","5","3","5","5","5","4","3","4","1","3","4","4","4","5","3","2","3","4","5","3","4","3","4","4","4","5","1","2","2","3","1","3","2","2","4","3","5","2","2","3","5","3","5","1","2","4","3","1","4","4","2","1","1","5","5","2","5","2","5","3","1","5","5","2","1","1","3","4","4","4","4","3","3","3","1","2","3","2","2","4","2","1","4","1","1","3","4","2","4","2","5","3","3","5","5","5","4","3","5","3","4","5","2","4","2","4","2","4","2","3","4","3","5","5","5","3","3","2","4","4","3","3","2","5","1","5","4","2","1","3","4","1","3","3","3","4","4","4","4","3","3","3","3","3","3","4","4","3","2","4","2","3","3","4","3","3","3","2","4","2","2","3","4","1","1","4","1","1"
"123094","学生094","5","3","5","5","1","2","4","4","3","4","4","4","3","4","3","5","3","1","2","3","5","3","1","5","2","4","5","3","2","3","3","4","5","3","1","5","5","4","3","4","3","3","4","4","4","1","2","1","3","4","5","3","2","4","4","4","4","5","1","2","3","3","1","3","1","5","1","3","5","3","2","2","5","3","5","1","2","4","3","1","1","4","2","4","1","2","5","4","5","2","1","3","3","5","5","2","1","1","3","2","3","4","4","3","3","3","1","2","1","2","2","4","2","1","4","4","1","5","4","2","2","1","5","3","4","5","5","5","4","3","3","3","4","5","2","4","3","4","3","1","2","3","2","3","5","3","3","4","3","2","4","4","3","3","2","5","1","5","4","1","1","4","4","3","3","3","3","4","4","2","4","1","3","3","1","3","3","4","4","2","4","1","3","3","3","4","4","3","1","2","1","3","2","3","4","1","2","3","1","1"
"123095","学生095","5","2","2","5","4","5","4","2","2","4","1","2","3","4","2","5","4","1","2","3","5","2","2","5","2","4","5","3","2","3","2","5","5","3","1","5","5","2","3","5","4","5","5","3","5","3","3","5","5","4","5","3","2","4","4","4","4","5","1","5","2","3","1","3","1","3","1","3","5","2","2","3","5","3","5","1","2","4","3","1","3","1","2","2","1","4","5","5","5","2","1","3","2","5","5","4","1","1","4","4","4","4","4","3","4","3","1","2","3","4","2","4","2","1","4","1","1","5","4","2","3","2","5","3","3","5","5","5","4","3","3","3","3","2","2","4","3","4","5","5","2","3","4","3","5","3","5","3","3","2","4","4","3","3","2","5","1","5","4","2","3","3","4","3","3","3","3","4","4","2","4","4","3","2","3","3","3","4","2","4","2","3","1","1","3","4","1","4","2","3","3","3","2","3","4","1","2","2","1","4"
"123096","学生096","5","3","4","2","4","2","4","5","3","4","4","4","3","4","5","5","4","1","2","3","5","2","1","5","2","4","4","3","2","1","2","5","5","3","1","5","5","4","2","4","3","3","4","3","4","3","2","4","3","3","5","3","4","4","4","4","4","5","1","2","1","1","1","3","2","1","5","3","5","2","2","3","5","3","5","4","2","4","3","1","3","4","2","1","1","1","5","2","5","2","1","3","3","5","5","2","1","1","3","2","4","4","1","3","3","3","3","2","1","3","2","4","3","1","4","4","1","5","4","2","2","2","5","3","2","5","5","5","1","3","3","3","2","5","3","4","3","4","3","1","2","3","4","3","5","3","5","3","3","2","4","4","3","3","2","5","1","5","4","2","4","3","1","3","3","3","3","4","4","2","4","4","1","2","1","3","3","4","2","2","4","2","3","1","3","3","3","2","4","3","1","2","2","3","4","4","2","4","1","4"
"123097","学生097","3","5","3","5","4","2","4","2","2","5","4","2","3","4","4","5","4","1","2","2","5","2","4","5","5","3","4","3","2","3","4","5","5","2","3","5","5","4","3","5","3","3","4","4","5","4","1","5","2","3","5","3","2","4","4","4","4","5","1","5","2","1","1","3","1","2","1","3","5","2","2","3","5","3","5","4","2","4","3","1","4","4","2","1","4","4","5","4","5","2","1","3","1","5","5","3","1","1","3","2","2","4","4","3","3","3","5","2","3","2","2","4","2","4","5","4","1","2","4","2","3","2","5","3","3","5","5","5","4","3","3","3","4","5","5","4","3","4","3","1","2","3","2","3","5","1","5","3","3","2","4","4","3","3","2","5","1","5","3","2","1","3","4","3","3","3","5","4","4","2","4","4","3","2","3","3","3","3","2","2","4","2","4","1","3","4","3","2","3","2","4","3","3","3","4","4","2","4","1","4"
"123098","学生098","5","4","5","2","4","2","4","2","5","2","4","4","3","4","2","5","3","1","2","3","5","2","2","5","3","5","5","3","2","3","2","5","5","3","1","5","5","4","2","4","3","5","4","4","4","4","4","4","2","4","5","3","2","4","4","4","2","5","1","3","1","3","1","3","1","1","5","1","5","2","2","3","5","3","5","2","2","4","3","1","4","5","2","2","4","4","5","5","2","2","4","3","1","4","5","2","1","1","3","2","4","4","4","3","3","2","5","2","3","4","2","4","2","1","5","4","1","5","2","2","4","2","5","5","1","5","5","5","4","1","3","3","4","5","2","4","3","2","3","1","2","3","1","3","5","5","5","5","3","2","4","2","3","3","2","5","1","5","4","2","3","3","4","3","3","3","1","4","4","2","4","4","3","2","3","3","3","3","2","3","4","4","3","1","3","3","3","4","3","3","1","2","3","2","4","1","2","5","1","1"
"123099","学生099","5","5","5","5","4","2","4","1","3","4","4","4","3","4","4","5","3","1","2","3","5","2","1","5","4","5","5","3","2","3","4","5","5","3","1","5","4","4","3","5","3","3","4","3","4","1","3","5","2","4","5","3","4","1","4","4","4","5","1","5","3","3","1","3","3","5","3","1","5","4","2","3","5","3","5","2","4","4","3","1","4","4","2","2","4","2","5","4","5","2","1","3","1","5","5","3","1","3","3","2","1","4","4","3","3","3","3","2","3","4","2","4","2","1","4","4","1","3","4","2","4","2","5","3","3","5","5","5","5","3","3","3","4","3","2","4","1","4","3","1","2","3","3","3","5","2","5","3","3","2","4","2","3","3","3","5","1","5","1","1","4","3","4","3","3","3","3","4","1","2","4","4","3","2","3","3","3","3","1","2","4","2","2","3","3","4","3","3","4","4","2","3","3","3","2","1","2","3","5","4"
"123100","学生100","5","3","5","1","1","2","4","2","3","4","4","4","3","4","2","5","4","5","2","3","5","2","4","5","2","3","4","3","5","3","4","5","5","3","1","5","5","4","3","3","1","3","4","4","5","1","3","4","1","4","1","3","2","5","4","4","1","5","1","3","2","3","2","3","1","2","1","3","5","3","2","3","5","3","5","5","2","4","3","1","2","2","2","2","1","4","5","5","5","2","1","3","1","2","5","3","1","1","3","2","4","4","4","3","3","3","5","2","3","2","2","4","2","4","4","4","1","5","1","5","1","2","5","5","2","5","5","5","2","3","3","3","4","5","2","4","3","3","3","1","2","3","3","3","5","3","5","3","3","2","4","4","3","3","2","5","1","5","4","2","4","3","4","3","5","3","5","4","4","2","4","4","3","3","1","3","1","3","4","3","4","3","3","3","3","4","4","4","2","1","2","3","2","1","4","1","1","3","1","1"
"123101","学生101","5","2","3","2","4","2","3","2","3","4","4","4","3","4","5","5","3","3","2","5","5","2","1","5","2","4","5","2","2","3","4","5","1","3","3","5","3","4","2","4","5","2","4","4","3","3","5","1","2","4","5","4","2","1","2","4","4","5","1","3","3","1","1","3","3","2","4","1","5","5","2","3","5","3","5","2","2","2","4","5","4","2","2","1","1","4","5","4","5","2","1","3","3","5","5","5","1","1","3","3","2","4","3","3","3","2","4","2","3","4","2","4","4","1","4","4","4","5","5","1","3","2","2","3","2","4","3","5","4","5","3","3","3","5","2","4","3","3","3","5","2","3","2","3","5","5","5","3","3","2","3","4","3","3","2","5","1","5","1","1","3","3","4","1","2","2","3","5","4","2","4","1","3","2","3","3","1","3","2","3","4","1","4","4","3","2","3","2","2","3","4","3","3","2","4","1","2","4","3","4"
"123102","学生102","3","3","5","4","4","2","4","2","3","4","4","1","3","4","3","5","3","5","2","3","5","2","1","5","2","1","4","3","1","3","3","5","5","3","1","5","4","4","3","4","3","4","4","4","2","1","3","4","2","3","5","3","2","4","4","4","4","5","1","2","3","3","5","4","4","3","2","3","5","3","2","3","5","3","5","5","1","4","3","1","1","4","2","2","1","4","5","5","5","2","1","3","3","5","5","2","1","1","3","2","4","4","2","3","3","2","5","2","1","4","2","4","3","1","4","4","1","5","2","2","3","2","5","3","2","5","5","5","1","3","3","3","4","5","2","4","3","4","5","1","2","3","3","3","5","4","5","5","3","2","4","4","3","3","2","5","1","5","1","3","4","4","3","4","3","3","3","5","4","2","4","4","3","2","1","3","3","4","1","2","4","3","3","1","3","2","2","4","3","1","2","3","3","3","4","1","2","4","2","4"
"123103","学生103","5","5","2","3","4","2","4","2","3","4","3","4","3","4","2","5","4","4","3","3","5","2","1","5","2","2","5","3","2","3","3","5","5","3","4","5","5","4","3","5","1","4","4","3","5","3","1","4","5","4","5","3","2","4","4","4","1","5","1","3","2","1","5","3","5","1","1","3","5","2","2","3","5","3","5","1","5","4","3","1","4","1","2","2","4","2","5","5","5","2","4","3","1","5","3","3","1","1","3","2","5","4","4","3","3","3","1","2","1","4","2","4","2","1","4","4","1","5","2","2","3","2","5","3","3","5","5","5","1","3","3","3","4","5","2","4","2","4","3","1","2","3","3","3","5","3","5","3","3","2","3","4","3","3","2","5","1","5","4","2","3","4","4","3","1","3","3","4","4","2","4","4","3","3","3","3","3","4","1","2","2","3","1","1","3","3","2","4","2","4","4","2","3","1","4","1","2","4","1","1"
